,Name,Country,Brand,Categories,Tasting Notes,ABV,Food Pairing,Suggested Glassware,Suggested Serving Temperature,Sweet-Dry Scale,Body,Rating,Rate Count,Price,region,Code
0,Louis Jadot Beaujolais Villages,France,Louis Jadot,"Gamay, Red Wine","Berry, Cherry, Fruity, Spicy",12.7,"Chicken, Fish - Meaty  Oily, Mushrooms",Burgundy  Bourgogne Glass,5,Dry Wine,Light,4.9,108,1299.0,Africa,FRA
1,90+ Cellars Sauvignon Blanc (Lot 2),New Zealand,90 Cellars,"Sauvignon Blanc, White Wine","Citrus, Guava, Melon - Honeydew",12.5,"Salads  Greens, Shellfish",Standard White Glass,3,Dry Wine,Light,5.0,32,1099.0,Americas,NZL
2,90+ Cellars Pinot Grigio (Lot 42),Italy,90 Cellars,"Pinot Grigio, White Wine","Apple, Floral, Honey",13.0,"Cured Meats, Pasta",Standard White Glass,3,Dry Wine,Light,5.0,24,1099.0,Americas,ITA
3,90+ Cellars Pinot Noir,United States,90 Cellars,"Pinot Noir, Red Wine","Cherry, Chocolate, Floral, Spicy",13.0,"Beef, Duck  Game Bird",Burgundy  Bourgogne Glass,5,Dry Wine,Light,5.0,21,1299.0,Europe,USA
4,90+ Cellars Cabernet Sauvignon Lot 53,Chile,90 Cellars,"Cabernet Sauvignon, Red Wine","Dark Fruit, Berry, Sweet, Velvety",14.0,"Beef, Mushrooms",Bordeaux Glass,6,Dry Wine,Full,5.0,18,1099.0,Africa,CHL
5,90+ Cellars Old Vine Malbec (Lot 23),Argentina,90 Cellars,"Malbec, Red Wine","Berry, Dark Fruit, Spicy",13.9,"Beef, Lamb",Standard Red Glass,6,Dry Wine,Full,4.7,17,1099.0,Africa,ARG
6,Beringer Main & Vine Cabernet Sauvignon,United States,Beringer Vineyards,"Cabernet Sauvignon, Red Wine","Chocolate, Dark Fruit, Oak, Rich",13.5,"Beef, Cheese - Hard Aged",Bordeaux Glass,6,Dry Wine,Full,5.0,14,659.0,Europe,USA
7,Beringer Main & Vine Pinot Grigio,United States,Beringer Vineyards,"Pinot Grigio, White Wine","Citrus, Fruity, Peach, Pear",12.5,"Salads  Greens, Shellfish",Standard White Glass,3,Dry Wine,Light,5.0,11,699.0,Europe,USA
8,Beringer Knights Valley Cabernet Sauvignon,United States,Beringer Vineyards,"Cabernet Sauvignon, Red Wine","Dark Fruit, Anise, Mocha, Herbal",14.3,"Beef, Lamb",Bordeaux Glass,6,Dry Wine,Full,5.0,8,2999.0,Europe,USA
9,Francis Coppola Diamond Collection Cabernet Sauvignon,United States,Francis Ford Coppola,"Cabernet Sauvignon, Red Wine","Cassis, Berry, Chocolate, Anise",13.5,"Beef, Lamb",Bordeaux Glass,6,Dry Wine,Full,5.0,64,1599.0,Europe,USA
10,Francis Coppola Diamond Collection Chardonnay,United States,Francis Ford Coppola,"Chardonnay, White Wine","Apple, Guava, Melon",13.5,"Pork, Fish - Meaty  Oily",Chardonnay Glass,4,Dry Wine,Full,5.0,22,1299.0,Europe,USA
11,Francis Coppola Diamond Collection Sauvignon Blanc,United States,Francis Ford Coppola,"Sauvignon Blanc, White Wine","Grapefruit, Tropical, Floral, Acidic",13.5,"Salads  Greens, Cheese - Fresh  Soft",Standard White Glass,3,Dry Wine,Light,5.0,2,1399.0,Europe,USA
12,Barefoot Pinot Grigio,United States,Barefoot,"Pinot Grigio, White Wine","Green Apple, Peach, Citrus",12.4,"Chicken, Pasta",Standard White Glass,3,Dry Wine,Light,4.8,513,735.0,Europe,USA
13,Barefoot Chardonnay,United States,Barefoot,"Chardonnay, White Wine","Peach, Apple, Honey",13.4,"Fish - White, Fruit - Sweet",Chardonnay Glass,4,Dry Wine,Full,4.8,138,729.0,Europe,USA
14,Barefoot Merlot,United States,Barefoot,"Merlot, Red Wine","Cherry, Berry, Dark Fruit, Chocolate",13.4,"Tomatoes, Dessert - Chocolate  Coffee",Bordeaux Glass,6,Dry Wine,Medium,5.0,93,700.0,Europe,USA
15,Barefoot Riesling,United States,Barefoot,"Riesling, White Wine","Citrus, Apple, Fruity, Bright",8.0,"Fruit - Sweet, Cheese - Nutty  Semi-Firm",Standard White Glass,3,Semi-Sweet  Off-Dry,Light,4.8,90,699.0,Europe,USA
16,Barefoot Cabernet Sauvignon,United States,Barefoot,"Cabernet Sauvignon, Red Wine","Berry, Jammy, Vanilla",13.5,"Beef, Lamb",Bordeaux Glass,6,Dry Wine,Full,4.8,75,699.0,Europe,USA
17,Barefoot Pinot Noir,United States,Barefoot,"Pinot Noir, Red Wine","Cherry, Berry, Silky, Spicy",13.5,"Pork, Beef",Burgundy  Bourgogne Glass,5,Dry Wine,Light,4.8,65,705.0,Europe,USA
18,Barefoot Sauvignon Blanc,United States,Barefoot,"Sauvignon Blanc, White Wine","Melon - Honeydew, Nectarine, Peach",13.0,"Salads  Greens, Cheese - Nutty  Semi-Firm",Standard White Glass,3,Dry Wine,Light,5.0,56,759.0,Europe,USA
19,Barefoot Malbec,United States,Barefoot,"Malbec, Red Wine","Dark Fruit, Jammy, Spicy, Fruity",13.0,"Duck  Game Bird, Lamb",Standard Red Glass,6,Dry Wine,Full,4.3,8,699.0,Europe,USA
20,Louis Latour Pouilly Fuisse,France,Louis Latour,"Chardonnay, White Wine","Bright, Citrus, Grapefruit, Fruity",13.8,"Shellfish, Cheese - Creamy  Bloomy",Chardonnay Glass,4,Dry Wine,Full,5.0,7,2588.0,Africa,FRA
21,Chateau Ste. Michelle Chardonnay,United States,Chateau Ste. Michelle,"Chardonnay, White Wine","Apple, Citrus, Oak, Peach, Pear",14.0,"Cheese - Blue, Cheese - Creamy  Bloomy, Cheese - Fresh  Soft, Cheese - Hard Aged, Cheese - Nutty  Semi-Firm, Cheese - Stinky, Chicken, Cured Meats, Fish - Meaty  Oily, Fruit - Dried, Mushrooms, Pork, Root Vegetables, Salads  Greens, Turkey",Chardonnay Glass,4,Dry Wine,Full,4.9,152,1099.0,Europe,USA
22,Chateau Ste. Michelle Riesling,United States,Chateau Ste. Michelle,"Riesling, White Wine","Crisp, Apple, Minerality",12.0,"Cheese - Blue, Cheese - Creamy  Bloomy, Cheese - Fresh  Soft, Cheese - Hard Aged, Cheese - Nutty  Semi-Firm, Cheese - Stinky, Chicken, Fish - White, Salads  Greens, Shellfish",Standard White Glass,3,Semi-Sweet  Off-Dry,Light,4.7,144,1099.0,Europe,USA
23,Chateau Ste. Michelle Cabernet Sauvignon,United States,Chateau Ste. Michelle,"Cabernet Sauvignon, Red Wine","Balanced, Red Fruit, Smooth, Velvety",13.5,"Beef, Cured Meats, Duck  Game Bird, Lamb, Nuts, Pork, Root Vegetables",Bordeaux Glass,6,Dry Wine,Full,4.7,111,1599.0,Europe,USA
24,Chateau Ste. Michelle Sauvignon Blanc,France,Chateau Ste. Michelle,"Sauvignon Blanc, White Wine","Bright, Dark Fruit, Melon, Herbal",13.5,"Shellfish, Chicken",Standard White Glass,3,Dry Wine,Light,4.8,94,1099.0,Africa,FRA
25,Chateau Ste. Michelle Indian Wells Cabernet Sauvignon,United States,Chateau Ste. Michelle,"Cabernet Sauvignon, Red Wine","Dark Fruit, Jammy, Red Fruit",14.5,"Beef, Cheese - Blue, Cheese - Creamy  Bloomy, Cheese - Fresh  Soft, Cheese - Hard Aged, Cheese - Nutty  Semi-Firm, Duck  Game Bird, Lamb, Pasta, Pork, Root Vegetables",Bordeaux Glass,6,Dry Wine,Full,4.8,32,1799.0,Europe,USA
26,Chateau Ste. Michelle Merlot,United States,Chateau Ste. Michelle,"Merlot, Red Wine","Cassis, Dark Fruit, Jammy, Leather",13.5,"Mushrooms, Beef",Bordeaux Glass,6,Dry Wine,Medium,5.0,24,1539.0,Europe,USA
27,Chateau Ste. Michelle Harvest Select Riesling,United States,Chateau Ste. Michelle,"Riesling, White Wine","Crisp, Citrus, Pear, Apple",10.5,"Dessert - Fruit, Cheese - Blue",Standard White Glass,3,Semi-Sweet  Off-Dry,Light,5.0,24,999.0,Europe,USA
28,Chateau Ste. Michelle Dry Riesling,United States,Chateau Ste. Michelle,"Riesling, White Wine","Crisp, Peach, Honey, Fruity",12.5,"Cheese - Blue, Cheese - Creamy  Bloomy, Cheese - Fresh  Soft, Cheese - Hard Aged, Cheese - Nutty  Semi-Firm, Cheese - Stinky, Chicken, Cured Meats, Duck  Game Bird, Fish - Meaty  Oily, Fish - White, Mushrooms, Nuts, Pasta, Root Vegetables, Salads  Greens, Shellfish, Turkey",Standard White Glass,3,Dry Wine,Light,5.0,18,999.0,Europe,USA
29,Chateau Ste. Michelle Pinot Gris,United States,Chateau Ste. Michelle,"Pinot Grigio, White Wine","Pear, Citrus, Spicy, Round",13.0,"Shellfish, Fish - Meaty  Oily",Standard White Glass,3,Dry Wine,Light,5.0,13,1099.0,Europe,USA
30,Chateau Ste. Michelle Indian Wells Chardonnay,United States,Chateau Ste. Michelle,"Chardonnay, White Wine","Butter, Caramel, Guava, Tropical, Tropical Fruit",14.0,"Cheese - Fresh  Soft, Chicken, Fish - Meaty  Oily, Fish - White, Pasta, Pork, Shellfish",Chardonnay Glass,4,Dry Wine,Full,5.0,6,1699.0,Europe,USA
31,Cupcake® Vineyards Chardonnay White Wine,United States,Cupcake,"Chardonnay, White Wine","Apple, Butter, Citrus, Creamy, Melon, Oak, Toasty, Vanilla",14.0,"Fish - White, Shellfish, Turkey",Chardonnay Glass,4,Dry Wine,Full,4.7,54,1049.0,Europe,USA
32,Cupcake® Vineyards Pinot Grigio White Wine,United States,Cupcake,"Pinot Grigio, White Wine","Apple, Citrus, Crisp, Honey, Melon, Pear, Tropical",12.5,"Chicken, Pasta, Salads  Greens",Standard White Glass,3,Dry Wine,Light,4.8,44,1000.0,Europe,USA
33,Cupcake® Vineyards Cabernet Sauvignon Red Wine,United States,Cupcake,"Cabernet Sauvignon, Red Wine","Bold, Berry, Coffee, Spicy",1.0,"Beef, Duck  Game Bird",Bordeaux Glass,6,Dry Wine,Full,5.0,15,1049.0,Europe,USA
34,Cupcake® Vineyards Pinot Noir Red Wine,United States,Cupcake,"Pinot Noir, Red Wine","Silky, Berry, Cherry, Spicy",13.5,"Fish - Meaty  Oily, Dessert - Chocolate  Coffee",Burgundy  Bourgogne Glass,5,Dry Wine,Light,5.0,14,999.0,Europe,USA
35,Cupcake® Vineyards Malbec Red Wine,United States,Cupcake,"Malbec, Red Wine","Berry, Smooth, Vanilla, Spicy",13.0,"Beef, Pasta",Standard Red Glass,6,Dry Wine,Full,5.0,5,1058.0,Europe,USA
36,Kendall-Jackson Vintner’s Reserve Chardonnay,United States,Kendall-Jackson,"Chardonnay, White Wine","Citrus, Oak, Tropical Fruit",13.5,"Pasta, Shellfish",Chardonnay Glass,4,Dry Wine,Full,4.8,411,1499.0,Europe,USA
37,Kendall-Jackson Vintner’s Reserve Cabernet Sauvignon,United States,Kendall-Jackson,"Cabernet Sauvignon, Red Wine","Cassis, Mocha, Round, Supple",13.5,"Beef, Cheese - Hard Aged",Bordeaux Glass,6,Dry Wine,Full,4.5,93,1999.0,Europe,USA
38,Kendall-Jackson Vintner’s Reserve Sauvignon Blanc,United States,Kendall-Jackson,"Sauvignon Blanc, White Wine","Citrus, Fig, Minerality, Pear",13.5,"Chicken, Cheese - Fresh  Soft",Standard White Glass,3,Dry Wine,Light,4.7,57,1299.0,Europe,USA
39,Kendall-Jackson Grand Reserve Chardonnay,United States,Kendall-Jackson,"Chardonnay, White Wine","Citrus, Floral, Round, Tropical Fruit",14.5,"Pork, Shellfish, Turkey",Chardonnay Glass,4,Dry Wine,Full,5.0,11,1799.0,Europe,USA
40,Kendall-Jackson Avant Chardonnay,United States,Kendall-Jackson,"Chardonnay, White Wine","Citrus, Floral, Green Apple, Pear",13.5,"Chicken, Shellfish",Chardonnay Glass,4,Dry Wine,Full,5.0,11,1399.0,Europe,USA
41,Kendall-Jackson Vintner’s Reserve Merlot,United States,Kendall-Jackson,"Merlot, Red Wine","Berry, Cherry, Currant, Dark Fruit, Silky, Spicy",14.5,"Duck  Game Bird, Tomatoes",Bordeaux Glass,6,Dry Wine,Medium,5.0,10,1999.0,Europe,USA
42,Kendall-Jackson Vintner’s Reserve Pinot Noir,United States,Kendall-Jackson,"Pinot Noir, Red Wine","Cherry, Red Fruit, Smooth, Vanilla",14.5,"Duck  Game Bird, Fish - Meaty  Oily",Burgundy  Bourgogne Glass,5,Dry Wine,Light,5.0,7,1699.0,Europe,USA
43,Kendall-Jackson Vintner’s Reserve Pinot Gris,United States,Kendall-Jackson,"Pinot Grigio, White Wine","Bright, Citrus, Melon, Melon - Honeydew, Peach, Pear, Tropical",13.5,"Cheese - Nutty  Semi-Firm, Shellfish",Standard White Glass,3,Dry Wine,Light,5.0,6,1399.0,Europe,USA
44,Kendall-Jackson Vintner’s Reserve Riesling,United States,Kendall-Jackson,"Riesling, White Wine","Apricot, Peach, Pear",13.0,"Duck  Game Bird, Cheese - Fresh  Soft",Standard White Glass,3,Semi-Sweet  Off-Dry,Light,4.0,5,1210.0,Europe,USA
45,Trapiche Oak Cask Malbec,Argentina,Trapiche,"Malbec, Red Wine","Cherry, Dark Fruit, Pepper, Round",14.0,"Beef, Mushrooms",Standard Red Glass,6,Dry Wine,Full,5.0,12,1099.0,Africa,ARG
46,Trapiche Malbec,Argentina,Trapiche,"Malbec, Red Wine","Dark Fruit, Cherry, Vanilla",13.0,"Pasta, Cheese - Nutty  Semi-Firm",Standard Red Glass,6,Dry Wine,Full,5.0,8,899.0,Africa,ARG
47,Trapiche Broquel Malbec,Argentina,Trapiche,"Malbec, Red Wine","Dark Fruit, Floral, Earthy, Smoky",15.0,"Beef, Mushrooms",Standard Red Glass,6,Dry Wine,Full,4.1,6,1499.0,Africa,ARG
48,Sutter Home Chardonnay,United States,Sutter Home,"Chardonnay, White Wine","Fresh, Creamy, Fruity",13.0,"Pasta, Shellfish",Chardonnay Glass,4,Dry Wine,Full,4.7,52,699.0,Europe,USA
49,Sutter Home Sauvignon Blanc,United States,Sutter Home,"Sauvignon Blanc, White Wine","Citrus, Grapefruit, Intense, Herbal",13.5,"Cheese - Fresh  Soft, Salads  Greens",Standard White Glass,3,Dry Wine,Light,5.0,11,699.0,Europe,USA
50,Clos Du Bois Chardonnay,United States,Clos du Bois,"Chardonnay, White Wine","Apple, Pear, Citrus, Floral",14.0,"Chicken, Fish - White",Chardonnay Glass,4,Dry Wine,Full,4.9,52,1197.0,Europe,USA
51,Clos du Bois Cabernet Sauvignon North Coast,United States,Clos du Bois,"Cabernet Sauvignon, Red Wine","Bold, Dark Fruit, Mocha, Supple",13.5,"Lamb, Beef",Bordeaux Glass,6,Dry Wine,Full,5.0,9,1199.0,Europe,USA
52,Josh Cellars Cabernet Sauvignon,United States,Josh Cellars,"Cabernet Sauvignon, Red Wine","Cherry, Berry, Oak, Vanilla",13.9,"Beef, Dessert - Chocolate  Coffee",Bordeaux Glass,6,Dry Wine,Full,4.8,1331,1949.0,Europe,USA
53,Josh Cellars Chardonnay,United States,Josh Cellars,"Chardonnay, White Wine","Peach, Citrus, Tropical Fruit, Bright",13.68,"Shellfish, Pasta",Chardonnay Glass,4,Dry Wine,Full,4.9,356,1399.0,Europe,USA
54,Josh Cellars Sauvignon Blanc,United States,Josh Cellars,"Sauvignon Blanc, White Wine","Citrus, Tropical Fruit, Floral, Peach",13.5,"Shellfish, Salads  Greens",Standard White Glass,3,Dry Wine,Light,4.8,131,1399.0,Europe,USA
55,Josh Cellars Merlot,United States,Josh Cellars,"Merlot, Red Wine","Dark Fruit, Velvety, Vanilla, Smooth",13.9,"Fruit - Dried, Tomatoes",Bordeaux Glass,6,Dry Wine,Medium,4.6,64,1500.0,Europe,USA
56,Woodbridge Chardonnay by Robert Mondavi,United States,Woodbridge By Robert Mondavi,"Chardonnay, White Wine","Cinnamon, Sweet, Tropical",13.5,"Chicken, Fruit - Sweet",Chardonnay Glass,4,Dry Wine,Full,4.8,185,799.0,Europe,USA
57,Woodbridge Cabernet Sauvignon by Robert Mondavi,United States,Woodbridge By Robert Mondavi,"Cabernet Sauvignon, Red Wine","Berry, Chocolate, Toasty",13.5,"Beef, Tomatoes",Bordeaux Glass,6,Dry Wine,Full,4.8,164,749.0,Europe,USA
58,Woodbridge Pinot Grigio by Robert Mondavi,United States,Woodbridge By Robert Mondavi,"Pinot Grigio, White Wine","Balanced, Citrus, Crisp, Peach",13.5,"Cured Meats, Mushrooms",Standard White Glass,3,Dry Wine,Light,4.7,56,750.0,Europe,USA
59,Woodbridge Sauvignon Blanc by Robert Mondavi,United States,Woodbridge By Robert Mondavi,"Sauvignon Blanc, White Wine","Bright, Citrus, Tropical Fruit",13.0,"Shellfish, Chicken",Standard White Glass,3,Dry Wine,Light,5.0,51,770.0,Europe,USA
60,Woodbridge Merlot by Robert Mondavi,United States,Woodbridge By Robert Mondavi,"Merlot, Red Wine","Cherry, Chocolate, Red Fruit, Mocha",13.5,"Beef, Pasta",Bordeaux Glass,6,Dry Wine,Medium,5.0,40,789.0,Europe,USA
61,Tussock Jumper Sauvignon Blanc,New Zealand,Tussock Jumper,"Sauvignon Blanc, White Wine","Bright, Citrus, Crisp, Fresh, Grapefruit, Grassy, Melon, Passionfruit, Pineapple",13.0,"Chicken, Cheese - Fresh  Soft",Standard White Glass,3,Dry Wine,Light,5.0,3,1299.0,Americas,NZL
62,Gallo Family Vineyards Chardonnay,United States,Gallo Family Vineyards,"Chardonnay, White Wine","Citrus, Fruity, Vanilla",13.0,"Fish - Meaty  Oily, Shellfish, Cheese - Fresh  Soft",Chardonnay Glass,4,Dry Wine,Full,5.0,8,549.0,Europe,USA
63,Ferrari-Carano Sonoma Chardonnay,United States,Ferrari-Carano,"Chardonnay, White Wine","Toasty, Vanilla, Stone Fruit, Citrus",12.0,"Chicken, Fish - Meaty  Oily",Chardonnay Glass,4,Dry Wine,Full,5.0,20,2199.0,Europe,USA
64,Chateau St. Jean Chardonnay California,United States,Chateau St. Jean,"Chardonnay, White Wine","Nectarine, Apricot, Pear, Salty",13.5,"Mushrooms, Fish - Meaty  Oily",Chardonnay Glass,4,Dry Wine,Full,5.0,4,1099.0,Europe,USA
65,Rodney Strong Sonoma County Cabernet Sauvignon,United States,Rodney Strong,"Cabernet Sauvignon, Red Wine",Tropical Fruit,14.5,"Beef, Lamb, Root Vegetables",Bordeaux Glass,6,Dry Wine,Full,5.0,26,1799.0,Europe,USA
66,Rodney Strong Chalk Hill Chardonnay,United States,Rodney Strong,"Chardonnay, White Wine","Citrus, Pear, Spicy, Vanilla",14.5,"Cheese - Fresh  Soft, Pork, Shellfish",Chardonnay Glass,4,Dry Wine,Full,5.0,4,1699.0,Europe,USA
67,Rodney Strong Alexander Valley Cabernet Sauvignon,United States,Rodney Strong,"Cabernet Sauvignon, Red Wine","Berry, Bold, Cassis, Chocolate, Fig",14.5,"Beef, Cheese - Hard Aged, Duck  Game Bird, Root Vegetables",Bordeaux Glass,6,Dry Wine,Full,5.0,2,2299.0,Europe,USA
68,Rodney Strong Alexander’s Crown Cabernet Sauvignon,United States,Rodney Strong,"Cabernet Sauvignon, Red Wine","Currant, Dark Fruit, Herbal, Mocha",15.0,"Beef, Duck  Game Bird",Bordeaux Glass,6,Dry Wine,Full,2.5,2,3499.0,Europe,USA
69,Menage A Trois Lavish Merlot,United States,Menage a Trois Wine,"Merlot, Red Wine","Berry, Blueberry, Chocolate, Vanilla",13.8,"Dessert - Chocolate  Coffee, Duck  Game Bird, Tomatoes",Bordeaux Glass,6,Dry Wine,Medium,5.0,9,1099.0,Europe,USA
70,Menage A Trois Cabernet Sauvignon,United States,Menage a Trois Wine,"Cabernet Sauvignon, Red Wine","Jammy, Dark Fruit, Fresh, Silky",13.8,"Beef, Lamb, Pork",Bordeaux Glass,6,Dry Wine,Full,4.2,7,1299.0,Europe,USA
71,Menage A Trois Pinot Grigio,United States,Menage a Trois Wine,"Pinot Grigio, White Wine","Fruity, Fresh, Bright, Round",13.1,"Salads  Greens, Chicken",Standard White Glass,3,Dry Wine,Light,5.0,6,1099.0,Europe,USA
72,[ yellow tail ] Chardonnay,Australia,Yellow Tail,"Chardonnay, White Wine","Peach, Melon - Honeydew, Vanilla",13.5,"Chicken, Salads  Greens",Chardonnay Glass,4,Dry Wine,Full,4.9,203,769.0,Africa,AUS
73,[ yellow tail ] Cabernet Sauvignon,Australia,Yellow Tail,"Cabernet Sauvignon, Red Wine","Currant, Mocha, Spicy",13.5,"Beef, Lamb",Bordeaux Glass,6,Dry Wine,Full,4.9,168,749.0,Africa,AUS
74,[ yellow tail ] Pinot Grigio,Australia,Yellow Tail,"Pinot Grigio, White Wine","Apple, Pear, Tropical Fruit",11.5,"Pork, Mushrooms",Standard White Glass,3,Dry Wine,Light,4.8,89,749.0,Africa,AUS
75,[ yellow tail ]  Merlot,Australia,Yellow Tail,"Merlot, Red Wine","Dark Fruit, Berry, Spicy",13.5,"Beef, Cured Meats",Bordeaux Glass,6,Dry Wine,Medium,4.8,77,749.0,Africa,AUS
76,[ yellow tail ] Sauvignon Blanc,Australia,Yellow Tail,"Sauvignon Blanc, White Wine","Tropical Fruit, Grapefruit, Apple, Crisp",12.0,"Shellfish, Fish - White",Standard White Glass,3,Dry Wine,Light,5.0,41,749.0,Africa,AUS
77,[ yellow tail ]  Pinot Noir,Australia,Yellow Tail,"Pinot Noir, Red Wine","Cherry, Red Fruit, Sweet, Spicy",13.5,"Beef, Chicken",Burgundy  Bourgogne Glass,5,Dry Wine,Light,4.8,35,700.0,Africa,AUS
78,[ yellow tail ] Riesling,Australia,Yellow Tail,"Riesling, White Wine","Floral, Citrus, Green Apple",11.5,"Fish - White, Cured Meats",Standard White Glass,3,Semi-Sweet  Off-Dry,Light,4.5,20,769.0,Africa,AUS
79,La Crema Sonoma Coast Chardonnay,United States,La Crema Wines,"Chardonnay, White Wine","Citrus, Melon - Honeydew, Stone Fruit",13.5,"Chicken, Shellfish",Chardonnay Glass,4,Dry Wine,Full,4.8,251,1999.0,Europe,USA
80,La Crema Sonoma Coast Pinot Noir,United States,La Crema Wines,"Pinot Noir, Red Wine","Berry, Smooth, Stone Fruit, Toasty, Tobacco",13.5,"Duck  Game Bird, Fish - Meaty  Oily",Burgundy  Bourgogne Glass,5,Dry Wine,Light,4.8,254,2399.0,Europe,USA
81,La Crema Monterey Pinot Noir,United States,La Crema Wines,"Pinot Noir, Red Wine","Cherry, Earthy, Minerality, Smooth, Toasty",13.5,"Lamb, Cheese - Creamy  Bloomy",Burgundy  Bourgogne Glass,5,Dry Wine,Light,4.9,65,1943.0,Europe,USA
82,La Crema Monterey Chardonnay,United States,La Crema Wines,"Chardonnay, White Wine","Citrus, Minerality, Peach, Tropical Fruit",13.9,"Cheese - Hard Aged, Shellfish",Chardonnay Glass,4,Dry Wine,Full,4.8,40,1699.0,Europe,USA
83,La Crema Williamette Valley Pinot Noir,United States,La Crema Wines,"Pinot Noir, Red Wine","Cherry, Coffee, Earthy, Red Fruit, Silky",14.5,"Lamb, Fish - Meaty  Oily",Burgundy  Bourgogne Glass,5,Dry Wine,Light,4.6,13,2799.0,Europe,USA
84,La Crema Russian River Valley Chardonnay,United States,La Crema Wines,"Chardonnay, White Wine","Acidic, Apple, Caramel, Citrus, Thick",14.5,"Cheese - Fresh  Soft, Fish - Meaty  Oily, Shellfish",Chardonnay Glass,4,Dry Wine,Full,5.0,4,2799.0,Europe,USA
85,La Crema Russian River Valley Pinot Noir,United States,La Crema Wines,"Pinot Noir, Red Wine","Red Fruit, Rich, Spicy, Stone Fruit",14.5,"Duck  Game Bird, Fish - Meaty  Oily",Burgundy  Bourgogne Glass,5,Dry Wine,Light,2.5,2,3599.0,Europe,USA
86,Bota Box Cabernet Sauvignon,United States,Bota Box Wines,"Cabernet Sauvignon, Red Wine","Currant, Jammy, Spicy",13.5,"Beef, Pasta",Bordeaux Glass,6,Dry Wine,Full,4.9,352,1999.0,Europe,USA
87,Bota Box Pinot Grigio,United States,Bota Box Wines,"Pinot Grigio, White Wine","Peach, Nectarine, Citrus",13.0,"Pork, Salads  Greens",Standard White Glass,3,Dry Wine,Light,4.9,325,1195.0,Europe,USA
88,Bota Box Sauvignon Blanc,United States,Bota Box Wines,"Sauvignon Blanc, White Wine","Nectarine, Melon - Honeydew, Citrus",13.0,"Chicken, Salads  Greens",Standard White Glass,3,Dry Wine,Light,4.9,259,2299.0,Europe,USA
89,Bota Box Chardonnay,United States,Bota Box Wines,"Chardonnay, White Wine","Acidic, Citrus, Apple, Toasty",13.0,"Shellfish, Salads  Greens",Chardonnay Glass,4,Dry Wine,Full,4.8,167,1195.0,Europe,USA
90,Bota Box Malbec,Argentina,Bota Box Wines,"Malbec, Red Wine","Dark Fruit, Jammy, Blueberry",13.5,"Beef, Tomatoes",Standard Red Glass,6,Dry Wine,Full,4.9,137,1999.0,Africa,ARG
91,Bota Box Merlot,United States,Bota Box Wines,"Merlot, Red Wine","Cherry, Dark Fruit, Herbal, Spicy",13.5,"Pork, Chicken",Bordeaux Glass,6,Dry Wine,Medium,5.0,34,1999.0,Europe,USA
92,Bota Box Riesling,United States,Bota Box Wines,"Riesling, White Wine","Balanced, Melon - Honeydew, Peach, Stone Fruit",12.5,"Cheese - Stinky, Shellfish",Standard White Glass,3,Semi-Sweet  Off-Dry,Light,5.0,18,1999.0,Europe,USA
93,Black Box Cabernet Sauvignon,United States,Black Box Wines,"Cabernet Sauvignon, Red Wine","Cherry, Chocolate, Oak, Vanilla",14.0,"Beef, Mushrooms",Bordeaux Glass,6,Dry Wine,Full,4.9,173,499.0,Europe,USA
94,Black Box Chardonnay,United States,Black Box Wines,"Chardonnay, White Wine","Tropical Fruit, Tart, Citrus",14.0,"Chicken, Fish - White",Chardonnay Glass,4,Dry Wine,Full,4.8,118,2699.0,Europe,USA
95,Black Box Sauvignon Blanc,United States,Black Box Wines,"Sauvignon Blanc, White Wine","Stone Fruit, Peach, Crisp, Acidic",13.0,"Chicken, Salads  Greens",Standard White Glass,3,Dry Wine,Light,4.9,53,2699.0,Europe,USA
96,Black Box Merlot,United States,Black Box Wines,"Merlot, Red Wine","Dark Fruit, Cherry, Smooth, Supple",14.0,"Pork, Duck  Game Bird",Bordeaux Glass,6,Dry Wine,Medium,5.0,43,2183.0,Europe,USA
97,Black Box Riesling,United States,Black Box Wines,"Riesling, White Wine","Apple, Citrus, Fresh, Sweet",12.0,"Fruit - Citrus, Cheese - Blue",Standard White Glass,3,Semi-Sweet  Off-Dry,Light,5.0,7,2099.0,Europe,USA
98,Lindeman’s Bin 65 Chardonnay,Australia,Lindemans Wine,"Chardonnay, White Wine","Tropical Fruit, Peach, Oak, Fig",13.5,"Shellfish, Turkey",Chardonnay Glass,4,Dry Wine,Full,5.0,9,599.0,Africa,AUS
99,Franzia® Chardonnay White Wine,United States,Franzia,"Chardonnay, White Wine","Oak, Stone Fruit, Vanilla",12.5,"Chicken, Pasta",Chardonnay Glass,4,Semi-Sweet  Off-Dry,Full,4.7,91,1899.0,Europe,USA
100,Franzia® Rich & Buttery Chardonnay White Wine,United States,Franzia,"Chardonnay, White Wine","Butter, Pear, Vanilla",12.5,"Fish - Meaty  Oily, Shellfish, Cheese - Fresh  Soft",Chardonnay Glass,4,Dry Wine,Full,5.0,4,1899.0,Europe,USA
101,Estancia Cabernet Sauvignon,United States,Estancia,"Cabernet Sauvignon, Red Wine","Cherry, Currant, Chocolate, Intense",14.0,"Cheese - Hard Aged, Pasta",Bordeaux Glass,6,Dry Wine,Full,5.0,11,1399.0,Europe,USA
102,Estancia Reserve Chardonnay,United States,Estancia,"Chardonnay, White Wine","Honey, Oak, Peach, Tropical",14.0,"Fish - White, Chicken",Chardonnay Glass,4,Dry Wine,Full,5.0,4,1099.0,Europe,USA
103,Estancia Pinot Grigio,United States,Estancia,"Pinot Grigio, White Wine","Citrus, Peach, Pear, Floral",14.0,"Salads  Greens, Fish - White",Standard White Glass,3,Dry Wine,Light,5.0,3,1099.0,Europe,USA
104,Ruffino Chianti DOCG,Italy,Ruffino,"Chianti Blend, Red Wine","Fruity, Floral, Spicy, Chocolate",14.0,"Beef, Pasta",Standard Red Glass,6,Dry Wine,Medium,5.0,28,1006.0,Americas,ITA
105,Ruffino Riserva Ducale Oro Chianti Classico,Italy,Ruffino,"Chianti Blend, Red Wine","Cherry, Berry, Tobacco, Leather",14.0,"Cured Meats, Mushrooms",Standard Red Glass,6,Dry Wine,Medium,5.0,9,3862.0,Americas,ITA
106,Ruffino Aziano Chianti Classico,Italy,Ruffino,"Chianti Blend, Red Wine","Cherry, Herbal, Velvety, Spicy",13.0,"Chicken, Tomatoes",Standard Red Glass,6,Dry Wine,Medium,5.0,2,1499.0,Americas,ITA
107,Dark Horse Cabernet Sauvignon,United States,Dark Horse Wine,"Cabernet Sauvignon, Red Wine","Dark Fruit, Berry, Chocolate, Coffee",13.5,"Beef, Pork",Bordeaux Glass,6,Dry Wine,Full,4.9,130,999.0,Europe,USA
108,Dark Horse Sauvignon Blanc,United States,Dark Horse Wine,"Sauvignon Blanc, White Wine","Crisp, Citrus, Grapefruit, Acidic",13.0,"Fish - Meaty  Oily, Salads  Greens",Standard White Glass,3,Dry Wine,Light,4.8,95,999.0,Europe,USA
109,Dark Horse Chardonnay,United States,Dark Horse Wine,"Chardonnay, White Wine","Oak, Smooth, Caramel, Stone Fruit",13.5,"Pork, Fish - Meaty  Oily",Chardonnay Glass,4,Dry Wine,Full,4.8,43,999.0,Europe,USA
110,Dark Horse Merlot,United States,Dark Horse Wine,"Merlot, Red Wine","Bold, Dark Fruit, Jammy, Rich",13.5,"Dessert - Chocolate  Coffee, Beef",Bordeaux Glass,6,Dry Wine,Medium,4.7,18,999.0,Europe,USA
111,Rex Goliath Pinot Noir,United States,Rex Goliath,"Cabernet Sauvignon, Red Wine","Cherry, Dry, Vanilla, Bold",13.0,"Pork, Fish - Meaty  Oily",Bordeaux Glass,6,Dry Wine,Light,4.5,10,699.0,Europe,USA
112,Rex Goliath Chardonnay,United States,Rex Goliath,"Chardonnay, White Wine","Bold, Fruity, Sweet",14.0,"Fish - Meaty  Oily, Pork",Chardonnay Glass,4,Dry Wine,Full,5.0,8,659.0,Europe,USA
113,Rex Goliath Cabernet Sauvignon,United States,Rex Goliath,"Cabernet Sauvignon, Red Wine","Dark Fruit, Pepper, Spicy",14.0,"Cheese - Nutty  Semi-Firm, Dessert - Chocolate  Coffee",Bordeaux Glass,6,Dry Wine,Full,4.1,6,699.0,Europe,USA
114,Rex Goliath Pinot Grigio,United States,Rex Goliath,"Pinot Grigio, White Wine","Citrus, Floral, Stone Fruit, Bright",14.0,"Fish - White, Shellfish",Standard White Glass,3,Dry Wine,Light,5.0,4,655.0,Europe,USA
115,Concha y Toro Casillero Del Diablo Cabernet Sauvignon,Chile,Casillero del Diablo,"Cabernet Sauvignon, Red Wine","Silky, Herbal, Fruity, Berry",13.5,"Beef, Cheese - Blue",Bordeaux Glass,6,Dry Wine,Full,5.0,29,1007.0,Africa,CHL
116,Concha Y Toro Casillero del Diablo Malbec,Chile,Casillero del Diablo,"Malbec, Red Wine","Dark Fruit, Berry, Pepper, Vanilla",13.5,"Beef, Pork",Standard Red Glass,6,Dry Wine,Full,4.4,29,1074.0,Africa,CHL
117,14 Hands Cabernet Sauvignon,United States,14 Hands,"Cabernet Sauvignon, Red Wine","Cherry, Currant, Spicy",13.5,"Beef, Tomatoes",Bordeaux Glass,6,Dry Wine,Full,5.0,89,1199.0,Europe,USA
118,14 Hands Merlot,United States,14 Hands,"Merlot, Red Wine","Berry, Cherry, Mocha, Round",13.5,"Cheese - Hard Aged, Lamb",Bordeaux Glass,6,Dry Wine,Medium,5.0,21,1199.0,Europe,USA
119,14 Hands Chardonnay,United States,14 Hands,"Chardonnay, White Wine","Citrus, Pear, Vanilla, Floral",13.5,"Pork, Shellfish",Chardonnay Glass,4,Dry Wine,Full,5.0,6,1199.0,Europe,USA
120,14 Hands Pinot Grigio,United States,14 Hands,"Pinot Grigio, White Wine","Green Apple, Melon, Pear",13.0,Fish - White,Standard White Glass,3,Dry Wine,Light,4.0,5,1099.0,Europe,USA
121,J. Lohr Estates Seven Oaks Cabernet Sauvignon Paso Robles CA,United States,J. Lohr Wines,"Cabernet Sauvignon, Red Wine","Acidic, Berry, Chocolate, Red Fruit, Toasty",14.4,"Cheese - Creamy  Bloomy, Lamb, Mushrooms, Pork",Bordeaux Glass,6,Dry Wine,Full,5.0,113,1699.0,Europe,USA
122,J. Lohr Estates Riverstone Chardonnay Monterey Arroyo Seco CA,United States,J. Lohr Wines,"Chardonnay, White Wine","Caramel, Citrus, Oak, Stone Fruit, Vanilla",13.95,"Chicken, Fish - Meaty  Oily, Fruit - Citrus, Mushrooms, Nuts",Chardonnay Glass,4,Dry Wine,Full,5.0,46,1399.0,Europe,USA
123,J. Lohr Estates Los Osos Merlot Paso Robles CA,United States,J. Lohr Wines,"Merlot, Red Wine","Acidic, Red Fruit",13.76,"Duck  Game Bird, Tomatoes",Bordeaux Glass,6,Dry Wine,Medium,5.0,3,1499.0,Europe,USA
124,Bogle Merlot,United States,Bogle,"Merlot, Red Wine","Rich, Red Fruit, Tobacco, Anise",13.5,"Cured Meats, Tomatoes",Bordeaux Glass,6,Dry Wine,Medium,4.9,62,1099.0,Europe,USA
125,Cono Sur Bicicleta Pinot Noir,Chile,Cono Sur,"Pinot Noir, Red Wine","Cherry, Berry, Bright, Balanced",13.5,"Cheese - Hard Aged, Duck  Game Bird",Burgundy  Bourgogne Glass,5,Dry Wine,Light,2.5,2,1074.0,Africa,CHL
126,Catena Zapata Malbec Argentino,,Catena Zapata,"Malbec, Red Wine","Red Fruit, Dark Fruit, Vanilla, Mocha",13.5,"Beef, Lamb",Standard Red Glass,6,Dry Wine,Full,5.0,18,1999.0,,
127,Hess Select Monterey Chardonnay,United States,Hess Collection,"Chardonnay, White Wine","Citrus, Apple, Crisp, Bright",13.3,"Mushrooms, Fish - White",Chardonnay Glass,4,Dry Wine,Full,5.0,21,1249.0,Europe,USA
128,Hess Select North Coast Cabernet Sauvignon,United States,Hess Collection,"Cabernet Sauvignon, Red Wine","Berry, Cherry, Currant, Anise",13.5,"Mushrooms, Cheese - Blue",Bordeaux Glass,6,Dry Wine,Full,5.0,14,1749.0,Europe,USA
129,Hess Select Sauvignon Blanc,United States,Hess Collection,"Sauvignon Blanc, White Wine","Citrus, Tropical, Grassy, Rich",13.8,"Cheese - Creamy  Bloomy, Tomatoes",Standard White Glass,3,Dry Wine,Light,3.3,3,1199.0,Europe,USA
130,House Wine Cabernet Sauvignon,Chile,House Wine,"Cabernet Sauvignon, Red Wine","Dark Fruit, Berry, Pepper, Oak",13.3,"Beef, Pork",Bordeaux Glass,6,Dry Wine,Full,4.6,14,1999.0,Africa,CHL
131,House Wine Pinot Grigio 3L Box,United States,House Wine,"Pinot Grigio, White Wine","Apricot, Citrus, Green Apple, Pear",13.0,"Shellfish, Salads  Greens",Standard White Glass,3,Dry Wine,Light,5.0,6,1899.0,Europe,USA
132,House Wine Malbec 3L Box,Chile,House Wine,"Malbec, Red Wine","Berry, Cinnamon, Oak, Pepper, Pruny",12.5,"Beef, Cured Meats, Lamb, Mushrooms, Pork, Root Vegetables",Standard Red Glass,6,Dry Wine,Full,5.0,5,1924.0,Africa,CHL
133,House Wine Sauvignon Blanc,Chile,House Wine,"Sauvignon Blanc, White Wine","Floral, Tropical Fruit, Bright, Dry",12.5,"Salads  Greens, Fish - White",Standard White Glass,3,Dry Wine,Light,5.0,5,1999.0,Africa,CHL
134,House Wine Chardonnay,Chile,House Wine,"Chardonnay, White Wine","Apple, Citrus, Crisp, Tropical",12.9,"Fish - Meaty  Oily, Shellfish, Cheese - Fresh  Soft",Chardonnay Glass,4,Dry Wine,Full,5.0,4,1999.0,Africa,CHL
135,Santa Julia Organic Malbec,Argentina,Santa Julia,"Malbec, Red Wine","Dark Fruit, Dried Fruit, Fig, Fresh, Fruity",13.5,"Beef, Mushrooms, Pasta, Pork",Standard Red Glass,6,Dry Wine,Full,5.0,7,1100.0,Africa,ARG
136,Gerard Bertrand Cote Des Roses Chardonnay,France,Gerard Bertrand,"Chardonnay, White Wine","Balanced, Citrus, Fruity, Peach, Round, Smooth, Tropical Fruit",13.0,"Fish - Meaty  Oily, Shellfish, Cheese - Fresh  Soft",Chardonnay Glass,4,Dry Wine,Full,4.1,6,1699.0,Africa,FRA
137,Villa Antinori Toscana Rosso,Italy,Antinori,"Red Blend, Red Wine","Berry, Bold, Dried Fruit, Fruity, Nutty, Red Fruit, Smooth, Spicy, Vanilla, Velvety",13.5,"Beef, Pasta, Pork",Standard Red Glass,6,Dry Wine,Medium,4.5,23,1999.0,Americas,ITA
138,Santa Cristina Rosso Toscana,Italy,Antinori,"Red Blend, Red Wine","Cherry, Berry, Pepper, Eucalyptus",13.0,"Beef, Lamb, Mushrooms, Pasta",Standard Red Glass,6,Dry Wine,Medium,5.0,10,1165.0,Americas,ITA
139,Santa Cristina Pinot Grigio,Italy,Antinori,"Pinot Grigio, White Wine","Balanced, Banana, Citrus",12.0,"Salads  Greens, Shellfish",Standard White Glass,3,Dry Wine,Light,5.0,5,1199.0,Americas,ITA
140,Antinori Pèppoli Chianti Classico,Italy,Antinori,"Chianti Blend, Red Wine","Balanced, Cherry, Dark Fruit, Earthy, Fresh, Herbal, Pepper, Red Fruit, Smooth, Spicy",13.0,"Beef, Cheese - Hard Aged, Cured Meats",Standard Red Glass,6,Dry Wine,Medium,5.0,2,2599.0,Americas,ITA
141,Joel Gott Sauvignon Blanc,United States,Joel Gott,"Sauvignon Blanc, White Wine","Bright, Tropical, Acidic",13.6,"Shellfish, Salads  Greens",Standard White Glass,3,Dry Wine,Light,5.0,61,1303.0,Europe,USA
142,Robert Mondavi Bourbon Barrel Aged Cabernet Sauvignon Private Selection,United States,Robert Mondavi Private Selection,"Cabernet Sauvignon, Red Wine","Caramel, Dark Fruit, Mocha, Smoky, Vanilla",14.5,"Beef, Cured Meats, Cheese - Stinky",Bordeaux Glass,6,Dry Wine,Full,4.8,92,1499.0,Europe,USA
143,Robert Mondavi Buttery Chardonnay Private Selection,United States,Robert Mondavi Private Selection,"Chardonnay, White Wine","Acidic, Apple, Peach",13.5,"Fish - Meaty  Oily, Shellfish, Cheese - Fresh  Soft",Chardonnay Glass,4,Dry Wine,Full,5.0,5,1199.0,Europe,USA
144,Smoking Loon Cabernet Sauvignon,Chile,Smoking Loon,"Cabernet Sauvignon, Red Wine","Berry, Cassis, Toasty, Vanilla",13.5,"Beef, Pork",Bordeaux Glass,6,Dry Wine,Full,5.0,7,899.0,Africa,CHL
145,Villa Maria Private Bin Sauvignon Blanc,New Zealand,Villa Maria,"Sauvignon Blanc, White Wine","Tropical Fruit, Citrus, Melon, Herbal",13.0,"Shellfish, Chicken",Standard White Glass,3,Dry Wine,Light,4.5,33,1299.0,Americas,NZL
146,Angeline Pinot Noir,United States,Angeline Winery,"Pinot Noir, Red Wine","Berry, Citrus, Oak",13.8,"Chicken, Turkey",Burgundy  Bourgogne Glass,5,Dry Wine,Light,4.6,25,1283.0,Europe,USA
147,Angeline Reserve Sauvignon Blanc,United States,Angeline Winery,"Sauvignon Blanc, White Wine","Apple, Balanced, Citrus",13.6,"Chicken, Cheese - Fresh  Soft",Standard White Glass,3,Dry Wine,Light,5.0,2,1299.0,Europe,USA
148,Angeline Reserve Merlot,United States,Angeline Winery,"Merlot, Red Wine",Blueberry,13.9,"Beef, Duck  Game Bird",Bordeaux Glass,6,Dry Wine,Medium,2.5,2,1399.0,Europe,USA
149,Luigi Bosca Malbec,Argentina,Luigi Bosca,"Malbec, Red Wine","Pepper, Red Fruit, Smooth, Spicy",14.0,"Beef, Cheese - Hard Aged, Cheese - Stinky, Duck  Game Bird, Lamb, Mushrooms, Pork",Standard Red Glass,6,Dry Wine,Full,5.0,2,1999.0,Africa,ARG
150,Siduri Willamette Valley Pinot Noir,United States,Siduri,"Pinot Noir, Red Wine","Acidic, Berry, Bright, Currant, Fresh, Fruity, Red Fruit, Stone Fruit",13.9,"Cheese - Creamy  Bloomy, Duck  Game Bird, Fish - Meaty  Oily, Mushrooms, Pork",Burgundy  Bourgogne Glass,5,Dry Wine,Light,2.5,2,2749.0,Europe,USA
151,"McManis Cabernet Sauvignon Red Wine – 750ml, California",United States,McManis,"Cabernet Sauvignon, Red Wine","Berry, Cherry, Dark Fruit, Rich",13.5,"Beef, Cheese - Blue, Duck  Game Bird, Lamb",Bordeaux Glass,6,Dry Wine,Full,5.0,12,1099.0,Europe,USA
152,"McManis Pinot Noir Red Wine – 750ml, Lodi, California",United States,McManis,"Pinot Noir, Red Wine","Berry, Cherry, Creamy",13.5,"Chicken, Cured Meats, Duck  Game Bird, Fish - Meaty  Oily, Lamb",Burgundy  Bourgogne Glass,5,Dry Wine,Light,5.0,2,1099.0,Europe,USA
153,Gato Negro Sauvignon Blanc,United States,Gato Negro,"Sauvignon Blanc, White Wine","Citrus, Herbal, Light, Melon - Honeydew",12.5,"Cheese - Creamy  Bloomy, Salads  Greens",Standard White Glass,3,Dry Wine,Light,4.5,11,599.0,Europe,USA
154,Gato Negro Malbec,United States,Gato Negro,"Malbec, Red Wine","Dark Fruit, Smooth, Rich, Fruity",13.0,"Duck  Game Bird, Lamb",Standard Red Glass,6,Dry Wine,Full,5.0,2,649.0,Europe,USA
155,Frontera Malbec,Chile,Frontera,"Malbec, Red Wine","Cherry, Dark Fruit, Spicy, Velvety",13.5,"Pasta, Beef",Standard Red Glass,6,Dry Wine,Full,5.0,19,600.0,Africa,CHL
156,Frontera Chardonnay,Chile,Frontera,"Chardonnay, White Wine","Tropical Fruit, Citrus, Apple, Vanilla",13.5,"Shellfish, Dessert - Fruit",Chardonnay Glass,4,Dry Wine,Full,4.3,15,599.0,Africa,CHL
157,Columbia Crest H3 Cabernet Sauvignon,United States,Columbia Crest,"Cabernet Sauvignon, Red Wine","Berry, Cherry, Minerality, Vanilla",14.5,"Beef, Cheese - Hard Aged, Duck  Game Bird, Lamb, Pasta",Bordeaux Glass,6,Dry Wine,Full,5.0,12,1408.0,Europe,USA
158,Columbia Crest Grand Estates Merlot,United States,Columbia Crest,"Merlot, Red Wine","Cherry, Chocolate, Fruity",13.5,"Beef, Cheese - Blue, Dessert - Chocolate  Coffee, Duck  Game Bird",Bordeaux Glass,6,Dry Wine,Medium,5.0,3,1099.0,Europe,USA
159,Cakebread Cellars Napa Valley Chardonnay,United States,Cakebread Cellars,"Chardonnay, White Wine","Apple, Butter, Citrus, Oak",13.9,"Shellfish, Chicken",Chardonnay Glass,4,Dry Wine,Full,5.0,11,4631.0,Europe,USA
160,J Vineyards & Winery Pinot Gris,United States,J Vineyards,"Pinot Grigio, White Wine","Citrus, Pear, Apple, Tropical",13.8,"Cheese - Fresh  Soft, Chicken",Standard White Glass,3,Dry Wine,Light,5.0,25,1679.0,Europe,USA
161,Ridge Three Valleys,United States,Ridge Vineyards,"Red Wine, Zinfandel","Berry, Minerality, Oak, Dried Fruit",14.5,"Beef, Chicken",Standard Red Glass,6,Dry Wine,Medium,5.0,5,2999.0,Europe,USA
162,Ridge Ponzo Zinfandel,United States,Ridge Vineyards,"Red Wine, Zinfandel","Cherry, Floral, Fresh, Guava, Pepper, Red Fruit",14.6,"Beef, Pasta",Standard Red Glass,6,Dry Wine,Medium,2.5,2,3399.0,Europe,USA
163,Four Vines Naked Chardonnay,United States,Four Vines,"Chardonnay, White Wine","Bright, Green Apple, Peach, Guava",13.9,"Shellfish, Chicken",Chardonnay Glass,4,Dry Wine,Full,5.0,2,1199.0,Europe,USA
164,Decoy California Cabernet Sauvignon,United States,Decoy Wines,"Cabernet Sauvignon, Red Wine","Balanced, Berry, Red Fruit",13.9,"Beef, Duck  Game Bird",Bordeaux Glass,6,Dry Wine,Full,4.8,305,2199.0,Europe,USA
165,Decoy California Pinot Noir,United States,Decoy Wines,"Pinot Noir, Red Wine","Silky, Herbal, Berry, Bright",13.9,"Chicken, Duck  Game Bird, Pasta, Pork, Salads  Greens",Burgundy  Bourgogne Glass,5,Dry Wine,Light,4.9,74,2171.0,Europe,USA
166,Decoy Sonoma County Sauvignon Blanc,United States,Decoy Wines,"Sauvignon Blanc, White Wine","Grapefruit, Stone Fruit, Melon - Honeydew, Acidic",13.9,"Shellfish, Salads  Greens",Standard White Glass,3,Dry Wine,Light,4.6,38,1799.0,Europe,USA
167,Decoy Sonoma County Merlot,United States,Decoy Wines,"Merlot, Red Wine","Sweet, Spicy, Cherry, Chocolate",14.1,"Lamb, Beef",Bordeaux Glass,6,Dry Wine,Medium,5.0,19,2171.0,Europe,USA
168,Decoy Limited Napa Valley Cabernet Sauvignon,United States,Decoy Wines,"Cabernet Sauvignon, Red Wine","Balanced, Cassis, Dark Fruit",14.5,"Beef, Cheese - Hard Aged, Cured Meats, Mushrooms",Bordeaux Glass,8,Dry Wine,Full,5.0,6,2894.0,Europe,USA
169,Frank Family Vineyards Carneros Chardonnay,United States,Frank Family,"Chardonnay, White Wine","Apple, Creamy, Crisp, Melon, Minerality, Smooth, Tropical",14.5,"Cheese - Fresh  Soft, Chicken, Fish - Meaty  Oily, Fish - White, Pasta, Salads  Greens, Shellfish",Chardonnay Glass,4,Dry Wine,Full,5.0,8,3299.0,Europe,USA
170,Frank Family Vineyards Napa Valley Cabernet Sauvignon,United States,Frank Family,"Cabernet Sauvignon, Red Wine","Balanced, Cassis, Dark Fruit, Fresh, Minerality",14.5,"Beef, Duck  Game Bird",Bordeaux Glass,6,Dry Wine,Full,5.0,7,5199.0,Europe,USA
171,Carlo Rossi Chablis,United States,Carlo Rossi,"Chardonnay, White Wine","Crisp, Pear, Light, Apple",11.0,"Salads  Greens, Fish - White",Chardonnay Glass,4,Dry Wine,Full,5.0,10,899.0,Europe,USA
172,Sterling Vintner’s Collection Cabernet Sauvignon,United States,Sterling,"Cabernet Sauvignon, Red Wine","Cherry, Coffee, Dark Fruit, Pepper",13.5,"Beef, Lamb",Bordeaux Glass,6,Dry Wine,Full,5.0,23,1199.0,Europe,USA
173,Sonoma-Cutrer Sonoma Coast Chardonnay White Wine,United States,Sonoma-Cutrer Winery,"Chardonnay, White Wine","Peach, Apple, Caramel",13.9,"Chicken, Salads  Greens",Chardonnay Glass,4,Dry Wine,Full,4.8,47,2499.0,Europe,USA
174,Gnarly Head Cabernet Sauvignon,United States,Gnarly Head,"Cabernet Sauvignon, Red Wine","Dark Fruit, Currant, Spicy, Earthy",14.5,"Lamb, Pasta",Bordeaux Glass,6,Dry Wine,Full,5.0,12,1049.0,Europe,USA
175,The Federalist Lodi Cabernet Sauvignon,United States,The Federalist,"Cabernet Sauvignon, Red Wine","Bold, Cherry, Currant, Jammy, Red Fruit, Smooth, Vanilla",13.7,"Beef, Cheese - Blue, Duck  Game Bird",Bordeaux Glass,6,Dry Wine,Full,5.0,10,1699.0,Europe,USA
176,The Federalist Lodi Zinfandel,United States,The Federalist,"Red Wine, Zinfandel","Bold, Fruity, Jammy, Red Fruit, Rich, Spicy",14.8,"Cheese - Nutty  Semi-Firm, Duck  Game Bird, Pork, Turkey",Standard Red Glass,6,Dry Wine,Medium,4.0,5,1699.0,Europe,USA
177,The Federalist Bourbon Barrel Aged Zinfandel,United States,The Federalist,"Red Wine, Zinfandel","Bold, Caramel, Oak, Pepper, Red Fruit, Spicy, Vanilla",15.0,"Beef, Dessert - Vanilla  Caramel, Lamb, Mushrooms, Pork",Standard Red Glass,6,Dry Wine,Medium,5.0,2,1999.0,Europe,USA
178,Bonterra Organic Cabernet Sauvignon,United States,Bonterra,"Cabernet Sauvignon, Red Wine","Cherry, Currant, Oak, Vanilla",14.0,"Beef, Duck  Game Bird",Bordeaux Glass,6,Dry Wine,Full,4.8,36,1400.0,Europe,USA
179,Bonterra Organic Sauvignon Blanc,United States,Bonterra,"Sauvignon Blanc, White Wine","Citrus, Grapefruit, Grassy, Crisp",13.0,"Shellfish, Cheese - Fresh  Soft",Standard White Glass,3,Dry Wine,Light,5.0,26,1399.0,Europe,USA
180,Murphy-Goode California Cabernet Sauvignon,United States,Murphy-Goode,"Cabernet Sauvignon, Red Wine","Anise, Berry, Chocolate, Dark Fruit, Dry, Toasty, Vanilla",13.5,"Beef, Duck  Game Bird",Bordeaux Glass,6,Dry Wine,Full,5.0,6,1383.0,Europe,USA
181,Murphy-Goode North Coast Sauvignon Blanc,United States,Murphy-Goode,"Sauvignon Blanc, White Wine","Citrus, Melon, Peach, Pear, Tropical Fruit",13.5,"Cheese - Fresh  Soft, Chicken, Shellfish",Standard White Glass,3,Dry Wine,Light,5.0,6,1273.0,Europe,USA
182,Murphy-Goode California Pinot Noir,United States,Murphy-Goode,"Pinot Noir, Red Wine","Cherry, Dark Fruit, Dry, Vanilla, Velvety",13.5,"Duck  Game Bird, Fish - Meaty  Oily, Pork",Burgundy  Bourgogne Glass,5,Dry Wine,Light,4.1,6,1299.0,Europe,USA
183,Murphy-Goode California Merlot,United States,Murphy-Goode,"Merlot, Red Wine","Blueberry, Bold, Cherry, Dark Fruit, Dry, Toasty, Vanilla",13.5,"Beef, Duck  Game Bird, Tomatoes",Bordeaux Glass,6,Dry Wine,Medium,5.0,3,1399.0,Europe,USA
184,Parducci Small Lot Pinot Noir,United States,Parducci,"Pinot Noir, Red Wine","Blueberry, Bright, Cherry, Chocolate, Red Fruit",14.5,"Cheese - Creamy  Bloomy, Chicken, Cured Meats, Duck  Game Bird, Fish - Meaty  Oily, Pasta, Pork",Burgundy  Bourgogne Glass,5,Dry Wine,Light,5.0,6,1299.0,Europe,USA
185,Cecchi Chianti Classico,Italy,Cecchi,"Chianti Blend, Red Wine","Balanced, Berry, Bright, Spicy, Vanilla",13.0,"Cheese - Hard Aged, Chicken, Cured Meats, Duck  Game Bird, Pasta",Standard Red Glass,6,Semi-Sweet  Off-Dry,Medium,5.0,3,1699.0,Americas,ITA
186,Cecchi Bonizio Rosso,Italy,Cecchi,"Red Wine, Sangiovese","Acidic, Bold, Red Fruit, Rich, Round, Spicy",13.0,"Beef, Cheese - Hard Aged, Cured Meats, Pork",Standard Red Glass,6,Dry Wine,Medium,5.0,2,1099.0,Americas,ITA
187,Terrazas de los Andes Reserva Malbec,Argentina,Terrazas de los Andes,"Malbec, Red Wine","Fresh, Fruity, Silky",15.0,"Pork, Mushrooms",Standard Red Glass,6,Dry Wine,Full,5.0,27,1999.0,Africa,ARG
188,Terrazas de los Andes Altos de Plata Malbec,Argentina,Terrazas de los Andes,"Malbec, Red Wine","Bold, Fresh, Fruity, Rich, Silky",14.5,"Pork, Mushrooms",Standard Red Glass,6,Dry Wine,Full,5.0,12,1099.0,Africa,ARG
189,Vendange Chardonnay,United States,Vendange,"Chardonnay, White Wine","Green Apple, Pear, Oak",14.0,"Chicken, Fish - Meaty  Oily",Chardonnay Glass,4,Dry Wine,Full,5.0,18,399.0,Europe,USA
190,Duckhorn Vineyards Napa Valley Sauvignon Blanc,United States,Duckhorn,"Sauvignon Blanc, White Wine","Citrus, Tropical, Oak, Acidic",13.5,"Shellfish, Cheese - Creamy  Bloomy",Standard White Glass,3,Dry Wine,Light,5.0,22,2799.0,Europe,USA
191,Duckhorn Vineyards Napa Valley Cabernet Sauvignon,United States,Duckhorn,"Cabernet Sauvignon, Red Wine","Earthy, Dark Fruit, Bold, Herbal",14.5,"Beef, Duck  Game Bird",Bordeaux Glass,6,Dry Wine,Full,5.0,16,1349.0,Europe,USA
192,Duckhorn Vineyards Napa Valley Merlot,United States,Duckhorn,"Merlot, Red Wine","Balanced, Cherry, Red Fruit",14.5,"Duck  Game Bird, Tomatoes",Bordeaux Glass,6,Dry Wine,Medium,5.0,4,5052.0,Europe,USA
193,William Hill North Coast Chardonnay,United States,William Hill,"Chardonnay, White Wine","Spicy, Apple, Tropical, Smooth",13.5,"Fish - Meaty  Oily, Turkey",Chardonnay Glass,4,Dry Wine,Full,5.0,12,1494.0,Europe,USA
194,William Hill North Coast Cabernet Sauvignon,United States,William Hill,"Cabernet Sauvignon, Red Wine","Rich, Caramel, Dark Fruit, Round",13.9,"Beef, Pork",Bordeaux Glass,6,Dry Wine,Full,5.0,4,1599.0,Europe,USA
195,Ste Genevieve Chardonnay,United States,Ste Genevieve,"Chardonnay, White Wine","Apple, Honey, Pear, Tropical Fruit",12.5,"Cheese - Fresh  Soft, Chicken, Fish - Meaty  Oily, Shellfish",Chardonnay Glass,4,Dry Wine,Full,5.0,2,327.0,Europe,USA
196,Mezzacorona Pinot Grigio,Italy,Mezzacorona,"Pinot Grigio, White Wine","Balanced, Citrus, Floral, Fresh, Green Apple, Light, Minerality",12.5,"Fish - White, Pasta, Salads  Greens, Shellfish",Standard White Glass,3,Dry Wine,Light,5.0,61,999.0,Americas,ITA
197,Kim Crawford Sauvignon Blanc,New Zealand,Kim Crawford Wines,"Sauvignon Blanc, White Wine","Fresh, Fruity, Crisp",13.0,"Shellfish, Salads  Greens",Standard White Glass,3,Dry Wine,Light,4.9,721,1949.0,Americas,NZL
198,Sokol Blosser Evolution Pinot Noir,United States,Sokol Blosser,"Pinot Noir, Red Wine","Dry, Earthy, Fruity, Red Fruit, Toasty",13.5,"Beef, Chicken, Duck  Game Bird, Fish - Meaty  Oily, Lamb, Mushrooms, Nuts, Pasta, Pork, Root Vegetables, Turkey",Burgundy  Bourgogne Glass,5,Dry Wine,Light,5.0,3,1800.0,Europe,USA
199,Matchbook Chardonnay,United States,Matchbook,"Chardonnay, White Wine","Apricot, Balanced, Butter, Honey, Toasty, Tropical Fruit, Vanilla",13.9,"Cheese - Fresh  Soft, Fish - Meaty  Oily, Salads  Greens, Shellfish",Chardonnay Glass,4,Dry Wine,Full,5.0,3,1539.0,Europe,USA
200,Wente Vineyards Riva Ranch Chardonnay,United States,Wente Vineyards,"Chardonnay, White Wine","Oak, Stone Fruit, Tropical Fruit, Vanilla",13.5,"Pasta, Salads  Greens, Cheese - Nutty  Semi-Firm, Chicken, Cured Meats",Chardonnay Glass,4,Dry Wine,Full,5.0,11,1799.0,Europe,USA
201,Wente Vineyards Southern Hills Cabernet Sauvignon,United States,Wente Vineyards,"Cabernet Sauvignon, Red Wine","Balanced, Berry, Blueberry, Dark Fruit, Floral, Smooth",13.5,"Beef, Cheese - Creamy  Bloomy, Cheese - Hard Aged, Cheese - Nutty  Semi-Firm, Duck  Game Bird, Lamb, Pasta",Bordeaux Glass,6,Dry Wine,Full,5.0,4,1599.0,Europe,USA
202,Wente Vineyards Charles Wetmore Cabernet Sauvignon,United States,Wente Vineyards,"Cabernet Sauvignon, Red Wine","Berry, Dark Fruit, Earthy",13.5,"Duck  Game Bird, Pasta, Beef, Cheese - Hard Aged",Bordeaux Glass,6,Dry Wine,Full,5.0,3,2499.0,Europe,USA
203,Wente Vineyards Morning Fog Chardonnay,United States,Wente Vineyards,"Chardonnay, White Wine","Citrus, Oak, Pear, Toasty, Vanilla",13.5,"Cheese - Fresh  Soft, Cheese - Nutty  Semi-Firm, Chicken, Fish - White, Nuts, Pork, Salads  Greens",Chardonnay Glass,4,Dry Wine,Full,5.0,3,1399.0,Europe,USA
204,Charles Smith Kung Fu Girl Riesling,United States,Charles Smith Wines,"Riesling, White Wine","Citrus, Grassy, Peach, Floral",12.0,"Duck  Game Bird, Pork",Standard White Glass,3,Semi-Sweet  Off-Dry,Light,4.8,54,1299.0,Europe,USA
205,"Benziger Cabernet Sauvignon Red Wine – 750ml, Sonoma County",United States,Benziger,"Cabernet Sauvignon, Red Wine","Berry, Mocha, Rich, Spicy",14.3,"Beef, Duck  Game Bird",Bordeaux Glass,6,Dry Wine,Full,5.0,4,1799.0,Europe,USA
206,"Benziger Chardonnay White Wine – 750ml, Sonoma County",United States,Benziger,"Chardonnay, White Wine","Apple, Apricot, Butter, Citrus, Creamy, Pear",14.0,"Fish - Meaty  Oily, Shellfish, Cheese - Fresh  Soft",Chardonnay Glass,4,Dry Wine,Full,2.5,2,1319.0,Europe,USA
207,JUSTIN Cabernet Sauvignon,United States,Justin Winery,"Cabernet Sauvignon, Red Wine","Cherry, Cinnamon, Currant, Dark Fruit, Oak, Red Fruit, Vanilla",14.5,"Cured Meats, Beef",Bordeaux Glass,6,Dry Wine,Full,4.8,87,2749.0,Europe,USA
208,JUSTIN Sauvignon Blanc,United States,Justin Winery,"Sauvignon Blanc, White Wine","Citrus, Green Apple, Herbal, Minerality, Peach, Tropical Fruit",13.5,"Fish - Meaty  Oily, Pork, Salads  Greens",Standard White Glass,3,Dry Wine,Light,5.0,5,1699.0,Europe,USA
209,JUSTIN ISOSCELES,United States,Justin Winery,"Bordeaux Blend, Red Wine","Cherry, Currant",15.0,"Beef, Dessert - Chocolate  Coffee, Duck  Game Bird",Bordeaux Glass,6,Dry Wine,Full,5.0,4,7999.0,Europe,USA
210,Cavit Pinot Grigio,Italy,Cavit,"Pinot Grigio, White Wine","Bright, Citrus, Green Apple",12.0,"Chicken, Dessert - Fruit",Standard White Glass,3,Dry Wine,Light,4.9,449,989.0,Americas,ITA
211,Charles Krug Cabernet Sauvignon,United States,Charles Krug,"Cabernet Sauvignon, Red Wine","Bold, Cassis, Cherry, Chocolate, Cinnamon, Coffee, Currant, Dark Fruit, Dry, Leather, Oak, Red Fruit, Rich, Smooth, Tobacco",14.1,"Beef, Duck  Game Bird, Lamb, Mushrooms, Root Vegetables",Bordeaux Glass,6,Dry Wine,Full,5.0,6,3070.0,Europe,USA
212,Charles Krug Merlot,United States,Charles Krug,"Merlot, Red Wine","Balanced, Berry, Blueberry, Bold, Cassis, Cherry, Chocolate, Cinnamon, Coffee, Currant, Dark Fruit, Dry, Intense, Jammy, Leather, Oak, Red Fruit, Smooth, Strong, Toasty, Tobacco, Vanilla",14.9,"Beef, Cheese - Nutty  Semi-Firm, Duck  Game Bird, Lamb, Mushrooms, Pasta, Pork, Root Vegetables, Tomatoes, Turkey",Bordeaux Glass,6,Dry Wine,Medium,5.0,3,2199.0,Europe,USA
213,Charles Krug Sauvignon Blanc,United States,Charles Krug,"Sauvignon Blanc, White Wine","Balanced, Bright, Crisp, Fresh, Fruity, Grapefruit, Grassy, Green Apple, Guava, Herbal, Intense, Light, Melon, Melon - Honeydew, Nectarine, Pear, Smooth, Stone Fruit, Tropical, Tropical Fruit",13.4,"Cheese - Blue, Cheese - Fresh  Soft, Cheese - Hard Aged, Cheese - Nutty  Semi-Firm, Chicken, Fruit - Citrus, Salads  Greens, Shellfish, Tomatoes",Standard White Glass,3,Dry Wine,Light,5.0,3,1599.0,Europe,USA
214,King Estate Willamette Valley Pinot Noir,United States,King Estate,"Pinot Noir, Red Wine","Anise, Berry, Blueberry, Bright, Cassis, Chocolate, Cinnamon, Crushed Rock, Currant, Jammy, Minerality, Oak, Red Fruit, Rose Petal, Smooth, Supple",13.5,"Beef, Cheese - Blue, Cheese - Creamy  Bloomy, Cheese - Fresh  Soft, Cheese - Hard Aged, Chicken, Cured Meats, Duck  Game Bird, Fish - Meaty  Oily, Mushrooms, Nuts, Pasta, Pork, Turkey",Burgundy  Bourgogne Glass,5,Dry Wine,Light,5.0,5,2729.0,Europe,USA
215,King Estate Willamette Valley Pinot Gris,United States,King Estate,"Pinot Grigio, White Wine","Apple, Bright, Citrus, Crisp, Fruity, Grapefruit, Green Apple, Minerality, Nectarine, Peach, Pear, Stone Fruit, Tropical Fruit",13.5,"Cheese - Blue, Cheese - Creamy  Bloomy, Cheese - Fresh  Soft, Chicken, Cured Meats, Fish - White, Fruit - Dried, Nuts, Root Vegetables, Salads  Greens, Shellfish, Turkey",Standard White Glass,3,Dry Wine,Light,5.0,4,1799.0,Europe,USA
216,King Estate “Inscription” Willamette Valley Pinot Noir,United States,King Estate,"Pinot Noir, Red Wine","Balanced, Berry, Blueberry, Bright, Cherry, Crushed Rock, Dark Fruit, Earthy, Fresh, Neutral, Supple, Velvety",13.5,"Beef, Cheese - Creamy  Bloomy, Cheese - Nutty  Semi-Firm, Chicken, Cured Meats, Lamb, Mushrooms, Nuts, Pasta, Pork",Burgundy  Bourgogne Glass,5,Dry Wine,Light,5.0,2,2099.0,Europe,USA
217,19 Crimes Cabernet Sauvignon,Australia,19 Crimes,"Cabernet Sauvignon, Red Wine","Currant, Berry, Vanilla",13.5,"Beef, Lamb",Bordeaux Glass,6,Dry Wine,Full,4.9,362,1099.0,Africa,AUS
218,Archer Roose Sauvignon Blanc,United States,Archer Roose,"Sauvignon Blanc, White Wine","Citrus, Pineapple",12.5,"Chicken, Cheese - Fresh  Soft",Standard White Glass,3,Dry Wine,Light,5.0,15,499.0,Europe,USA
219,Folonari Pinot Grigio,Italy,Folonari,"Pinot Grigio, White Wine","Pear, Bright, Citrus, Green Apple",12.0,"Root Vegetables, Fish - White",Standard White Glass,3,Dry Wine,Light,4.5,21,998.0,Americas,ITA
220,Campo Viejo Tempranillo Rioja,Spain,Campo Viejo,"Red Wine, Tempranillo","Fresh, Red Fruit, Spicy, Vanilla",13.5,"Tomatoes, Cured Meats",Standard Red Glass,5,Dry Wine,Medium,5.0,3,1299.0,Eastern Mediterranean,ESP
221,Napa Cellars Pinot Noir,United States,Napa Cellars,"Pinot Noir, Red Wine","Berry, Cherry, Chocolate, Cinnamon, Earthy, Vanilla",14.2,"Duck  Game Bird, Fish - Meaty  Oily, Mushrooms",Burgundy  Bourgogne Glass,5,Dry Wine,Light,5.0,2,2299.0,Europe,USA
222,Napa Cellars Sauvignon Blanc,United States,Napa Cellars,"Sauvignon Blanc, White Wine","Acidic, Citrus, Grapefruit, Melon, Peach, Tropical Fruit",13.9,"Chicken, Cheese - Fresh  Soft",Standard White Glass,3,Dry Wine,Light,5.0,2,1554.0,Europe,USA
223,Napa Cellars Merlot,United States,Napa Cellars,"Merlot, Red Wine","Berry, Caramel, Cherry, Coffee, Herbal, Rose Petal, Toasty, Tobacco, Vanilla, Woody",14.7,"Chicken, Duck  Game Bird, Lamb, Mushrooms, Tomatoes",Bordeaux Glass,6,Dry Wine,Medium,2.5,2,2199.0,Europe,USA
224,Pepperwood Grove Pinot Noir,United States,Pepperwood Grove,"Pinot Noir, Red Wine","Dark Fruit, Berry, Rose Petal, Nutty",13.5,"Turkey, Pasta",Burgundy  Bourgogne Glass,5,Dry Wine,Light,5.0,4,799.0,Europe,USA
225,Frescobaldi Castiglioni Chianti Chianti DOCG,Italy,Frescobaldi,"Chianti Blend, Red Wine","Berry, Cherry, Floral, Fruity",13.0,"Cheese - Hard Aged, Chicken, Cured Meats, Pasta, Root Vegetables",Standard Red Glass,6,Dry Wine,Medium,5.0,4,1679.0,Americas,ITA
226,Ferrari Carano Fume Blanc,Italy,Ferrari,"Sauvignon Blanc, White Wine","Citrus, Peach, Pear, Tropical Fruit",13.8,"Cheese - Fresh  Soft, Shellfish",Standard White Glass,3,Dry Wine,Light,4.7,24,1399.0,Americas,ITA
227,Line 39 Pinot Noir,United States,Line 39,"Pinot Noir, Red Wine","Berry, Cherry, Rich",13.9,"Lamb, Pasta",Burgundy  Bourgogne Glass,5,Dry Wine,Light,4.7,67,999.0,Europe,USA
228,Line 39 Cabernet Sauvignon,United States,Line 39,"Cabernet Sauvignon, Red Wine","Fruity, Currant, Pepper, Herbal",13.5,"Pork, Beef",Bordeaux Glass,6,Dry Wine,Full,4.7,48,999.0,Europe,USA
229,Line 39 Sauvignon Blanc,United States,Line 39,"Sauvignon Blanc, White Wine","Grapefruit, Citrus, Grassy, Crisp",13.1,"Shellfish, Salads  Greens",Standard White Glass,3,Dry Wine,Light,5.0,25,999.0,Europe,USA
230,Cambria Katherine’s Vineyard Chardonnay,United States,Cambria,"Chardonnay, White Wine","Apple, Floral, Fruity, Spicy, Tropical",13.2,"Cheese - Fresh  Soft, Fish - Meaty  Oily, Salads  Greens, Shellfish",Chardonnay Glass,4,Dry Wine,Full,5.0,4,1989.0,Europe,USA
231,SIMI Sonoma County Cabernet Sauvignon,United States,SIMI,"Cabernet Sauvignon, Red Wine","Cassis, Chocolate, Dark Fruit, Oak",13.5,"Beef, Lamb",Bordeaux Glass,6,Dry Wine,Full,4.8,60,2199.0,Europe,USA
232,SIMI Sonoma County Chardonnay,United States,SIMI,"Chardonnay, White Wine","Citrus, Stone Fruit, Toasty, Vanilla",13.5,"Shellfish, Salads  Greens",Chardonnay Glass,4,Dry Wine,Full,5.0,52,1673.0,Europe,USA
233,SIMI Sonoma County Sauvignon Blanc,United States,SIMI,"Sauvignon Blanc, White Wine","Bright, Citrus, Grassy, Minerality",13.5,"Salads  Greens, Chicken",Standard White Glass,3,Dry Wine,Light,5.0,13,1399.0,Europe,USA
234,Matanzas Creek Alexander Valley Chardonnay,United States,Matanzas Creek,"Chardonnay, White Wine","Cinnamon, Citrus, Nutmeg, Nutty, Rich, Round, Stone Fruit, Toasty, Vanilla",13.7,"Fish - Meaty  Oily, Shellfish, Cheese - Fresh  Soft",Chardonnay Glass,4,Dry Wine,Full,5.0,2,2499.0,Europe,USA
235,Tiamo Organic Pinot Grigio,Italy,Tiamo,"Pinot Grigio, White Wine","Apple, Balanced, Bright, Pear",12.0,"Chicken, Fish - Meaty  Oily, Fish - White, Root Vegetables, Salads  Greens, Shellfish",Standard White Glass,3,Dry Wine,Light,2.5,2,1283.0,Americas,ITA
236,Kaiken Estate Malbec,Argentina,Kaiken,"Malbec, Red Wine","Balanced, Chocolate, Dry, Tobacco",13.5,"Beef, Cheese - Blue, Cheese - Hard Aged, Chicken, Cured Meats, Duck  Game Bird, Fish - Meaty  Oily, Fruit - Dried, Lamb, Mushrooms, Nuts, Pasta, Pork, Root Vegetables, Salads  Greens, Turkey",Standard Red Glass,6,Dry Wine,Full,5.0,2,1283.0,Africa,ARG
237,Klinker Brick Old Vine Zinfandel,United States,Klinker Brick,"Red Wine, Zinfandel","Balanced, Cherry, Dried Fruit, Red Fruit, Round, Smooth, Spicy, Toasty",15.4,"Beef, Cheese - Hard Aged, Cured Meats, Lamb, Pasta",Standard Red Glass,6,Dry Wine,Medium,5.0,7,1849.0,Europe,USA
238,CK Mondavi Cabernet Sauvignon,United States,CK Mondavi,"Cabernet Sauvignon, Red Wine","Berry, Blueberry, Bold, Cassis, Cherry, Chocolate, Cinnamon, Coffee, Currant, Dark Fruit, Fresh, Fruity, Intense, Jammy, Leather, Oak, Red Fruit, Silky, Smooth, Toasty, Vanilla, Velvety",13.6,"Beef, Cheese - Nutty  Semi-Firm, Chicken, Duck  Game Bird, Lamb, Mushrooms, Pasta, Pork, Root Vegetables, Turkey",Bordeaux Glass,6,Dry Wine,Full,5.0,14,699.0,Europe,USA
239,CK Mondavi Chardonnay,United States,CK Mondavi,"Chardonnay, White Wine","Apple, Apricot, Balanced, Banana, Biscuit, Bready, Butter, Citrus, Crisp, Dry, Fresh, Fruity, Green Apple, Guava, Honey, Nectarine, Nutty, Oak, Peach, Pear, Round, Smooth, Stone Fruit, Toasty, Tropical, Tropical Fruit, Vanilla",13.4,"Cheese - Fresh  Soft, Chicken, Fish - Meaty  Oily, Fish - White, Mushrooms, Pasta, Pork, Root Vegetables, Salads  Greens, Shellfish, Turkey",Chardonnay Glass,4,Dry Wine,Full,5.0,12,699.0,Europe,USA
240,CK Mondavi Pinot Grigio,United States,CK Mondavi,"Pinot Grigio, White Wine","Apple, Apricot, Balanced, Bright, Citrus, Crisp, Fresh, Fruity, Guava, Light, Melon, Melon - Honeydew, Nectarine, Peach, Pear, Smooth, Stone Fruit, Tropical, Tropical Fruit",12.9,"Cheese - Fresh  Soft, Chicken, Cured Meats, Fish - White, Fruit - Citrus, Nuts, Pasta, Pork, Root Vegetables, Salads  Greens, Shellfish, Tomatoes, Turkey",Standard White Glass,3,Dry Wine,Light,5.0,9,699.0,Europe,USA
241,CK Mondavi Merlot,United States,CK Mondavi,"Merlot, Red Wine","Anise, Balanced, Berry, Blueberry, Bold, Bright, Caramel, Cassis, Cherry, Chocolate, Cinnamon, Coffee, Currant, Dark Fruit, Dry, Fresh, Fruity, Jammy, Mocha, Oak, Red Fruit, Rich, Roasted, Round, Smooth, Toasty, Vanilla, Velvety, Woody",13.5,"Beef, Cheese - Creamy  Bloomy, Chicken, Duck  Game Bird, Fish - Meaty  Oily, Lamb, Mushrooms, Pasta, Pork, Root Vegetables, Tomatoes, Turkey",Bordeaux Glass,6,Dry Wine,Medium,5.0,4,699.0,Europe,USA
242,Cycles Gladiator Pinot Noir,United States,Cycles Gladiator,"Pinot Noir, Red Wine","Cherry, Red Fruit, Tobacco, Syrupy",13.5,"Turkey, Mushrooms",Burgundy  Bourgogne Glass,5,Dry Wine,Light,5.0,2,1199.0,Europe,USA
243,Doña Paula Estate Malbec,Argentina,Dona Paula,"Malbec, Red Wine","Balanced, Bold, Dark Fruit, Fresh, Fruity, Minerality, Silky, Spicy",13.5,"Beef, Mushrooms, Pork, Root Vegetables, Tomatoes",Standard Red Glass,6,Dry Wine,Full,5.0,2,1399.0,Africa,ARG
244,Oyster Bay Marlborough Sauvignon Blanc,New Zealand,Oyster Bay,"Sauvignon Blanc, White Wine","Acidic, Bright, Citrus, Fresh, Tropical, Tropical Fruit",13.0,"Fish - White, Fruit - Citrus, Salads  Greens, Shellfish",Standard White Glass,3,Dry Wine,Light,4.9,544,1299.0,Americas,NZL
245,Oyster Bay Marlborough Pinot Noir,New Zealand,Oyster Bay,"Pinot Noir, Red Wine","Cherry, Berry, Dark Fruit, Smooth",13.5,"Duck  Game Bird, Fish - Meaty  Oily",Burgundy  Bourgogne Glass,5,Dry Wine,Light,4.7,17,1599.0,Americas,NZL
246,Oyster Bay Hawke’s Bay Pinot Gris,New Zealand,Oyster Bay,"Pinot Grigio, White Wine","Bright, Citrus, Crisp, Floral, Nectarine, Pear, Stone Fruit",12.5,"Fish - White, Pork, Salads  Greens, Shellfish",Standard White Glass,3,Dry Wine,Light,5.0,9,1300.0,Americas,NZL
247,Oyster Bay Marlborough Chardonnay,New Zealand,Oyster Bay,"Chardonnay, White Wine","Peach, Citrus, Creamy, Bright",12.5,"Cheese - Fresh  Soft, Fish - White, Pasta, Turkey",Chardonnay Glass,4,Dry Wine,Full,4.3,8,1299.0,Americas,NZL
248,Oyster Bay Hawke’s Bay Merlot,New Zealand,Oyster Bay,"Merlot, Red Wine","Currant, Red Fruit, Spicy, Vanilla",13.0,"Cheese - Blue, Cheese - Hard Aged, Cured Meats, Dessert - Chocolate  Coffee, Fish - Meaty  Oily, Tomatoes",Bordeaux Glass,6,Dry Wine,Medium,5.0,2,1364.0,Americas,NZL
249,Liberty School Cabernet Sauvignon,United States,Liberty School,"Cabernet Sauvignon, Red Wine","Cherry, Red Fruit, Pepper, Vanilla",13.5,"Beef, Lamb",Bordeaux Glass,6,Dry Wine,Full,5.0,8,1499.0,Europe,USA
250,Franciscan Cabernet Sauvignon,United States,Franciscan,"Cabernet Sauvignon, Red Wine","Berry, Cassis, Cherry, Mocha",14.0,"Beef, Cheese - Hard Aged",Bordeaux Glass,6,Dry Wine,Full,5.0,14,2299.0,Europe,USA
251,Meiomi Pinot Noir,United States,Meiomi Wines,"Pinot Noir, Red Wine","Dark Fruit, Mocha, Oak",13.7,"Lamb, Pasta",Burgundy  Bourgogne Glass,5,Dry Wine,Light,4.8,478,2698.0,Europe,USA
252,Meiomi Chardonnay,United States,Meiomi Wines,"Chardonnay, White Wine","Citrus, Apple, Butter, Stone Fruit",13.8,"Shellfish, Chicken",Chardonnay Glass,4,Dry Wine,Full,5.0,26,1799.0,Europe,USA
253,Nobilo Sauvignon Blanc,New Zealand,Nobilo,"Sauvignon Blanc, White Wine","Tropical Fruit, Guava, Crisp, Balanced",12.5,"Fish - White, Salads  Greens",Standard White Glass,3,Dry Wine,Light,4.7,94,1199.0,Americas,NZL
254,DAOU Vineyards Cabernet Sauvignon,United States,Daou Vineyards,"Cabernet Sauvignon, Red Wine","Cherry, Currant, Eucalyptus",14.2,"Beef, Duck  Game Bird",Bordeaux Glass,6,Dry Wine,Full,4.7,22,2599.0,Europe,USA
255,Dom Pérignon Vintage Champagne,France,Dom Perignon Champagne,"Champagne, Sparkling Wine","Biscuit, Floral, Fresh, Fruity, Grapefruit, Grassy, Minerality, Nectarine, Peach, Toasty",12.5,"Cheese - Hard Aged, Cheese - Nutty  Semi-Firm, Duck  Game Bird, Fish - White, Mushrooms, Shellfish",Flute,1,Dry Wine,Light,4.9,54,19999.0,Africa,FRA
256,A to Z Pinot Noir,United States,A to Z,"Pinot Noir, Red Wine","Berry, Blueberry, Cherry, Chocolate, Earthy, Malty, Red Fruit",13.5,"Beef, Chicken, Duck  Game Bird, Fish - Meaty  Oily, Lamb, Mushrooms, Pork, Turkey",Burgundy  Bourgogne Glass,5,Dry Wine,Light,5.0,56,1999.0,Europe,USA
257,A to Z Pinot Gris,United States,A to Z,"Pinot Grigio, White Wine","Apple, Apricot, Honey, Melon, Peach, Pear",13.5,"Chicken, Fish - White, Pasta, Salads  Greens, Shellfish",Standard White Glass,3,Dry Wine,Light,5.0,9,1549.0,Europe,USA
258,A to Z Chardonnay,United States,A to Z,"Chardonnay, White Wine","Apple, Apricot, Melon, Peach, Pear",13.0,"Chicken, Fish - White, Pasta, Root Vegetables, Salads  Greens, Shellfish",Chardonnay Glass,4,Dry Wine,Full,5.0,2,1599.0,Europe,USA
259,Adelsheim Willamette Valley Pinot Noir,United States,Adelsheim,"Pinot Noir, Red Wine","Dark Fruit, Fruity, Minerality, Smooth",13.5,"Duck  Game Bird, Fish - Meaty  Oily",Burgundy  Bourgogne Glass,5,Dry Wine,Light,5.0,2,2999.0,Europe,USA
260,Leese-Fitch Cabernet Sauvignon,United States,Leese-Fitch,"Cabernet Sauvignon, Red Wine","Currant, Red Fruit, Tart, Mocha",13.5,"Beef, Cheese - Hard Aged",Bordeaux Glass,6,Dry Wine,Full,5.0,9,1099.0,Europe,USA
261,Carta Vieja Sauvignon Blanc,Chile,Carta Vieja,"Sauvignon Blanc, White Wine","Fresh, Acidic, Grassy",12.9,"Shellfish, Cheese - Creamy  Bloomy",Standard White Glass,3,Dry Wine,Light,5.0,3,699.0,Africa,CHL
262,Veramonte Organic Reserva Sauvignon Blanc,Chile,Veramonte,"Sauvignon Blanc, White Wine","Citrus, Floral, Smooth, Fresh",13.5,"Tomatoes, Fish - White",Standard White Glass,3,Dry Wine,Light,5.0,3,1176.0,Africa,CHL
263,Finca de los Padrillos Malbec,Argentina,Ernesto Catena,"Malbec, Red Wine","Cherry, Floral, Fresh, Fruity, Red Fruit",13.9,"Lamb, Mushrooms, Pork",Standard Red Glass,6,Dry Wine,Full,5.0,2,1299.0,Africa,ARG
264,Louis M. Martini Sonoma County Cabernet Sauvignon,United States,Louis M. Martini,"Cabernet Sauvignon, Red Wine","Berry, Dark Fruit, Anise, Mocha",13.8,"Tomatoes, Cheese - Fresh  Soft",Bordeaux Glass,6,Dry Wine,Full,5.0,27,1889.0,Europe,USA
265,Gabbiano Chianti,Italy,Gabbiano,"Chianti Blend, Red Wine","Red Fruit, Cherry, Berry, Intense",12.5,"Lamb, Tomatoes",Standard Red Glass,6,Dry Wine,Medium,5.0,9,955.0,Americas,ITA
266,Revolution El Libre Malbec,Argentina,Revolution Wine Company,"Malbec, Red Wine","Cherry, Red Fruit, Herbal, Balanced",13.4,"Beef, Lamb",Standard Red Glass,6,Dry Wine,Full,5.0,9,999.0,Africa,ARG
267,Argentine Revolution Malbec,Argentina,Revolution Wine Company,"Malbec, Red Wine","Blueberry, Chocolate, Intense, Smooth",13.5,"Duck  Game Bird, Lamb",Standard Red Glass,6,Dry Wine,Full,5.0,6,1249.0,Africa,ARG
268,Le Grand Noir Pinot Noir,France,Le Grand Noir,"Pinot Noir, Red Wine","Balanced, Berry, Bright, Cherry, Oak, Red Fruit, Silky",13.0,"Beef, Fish - Meaty  Oily",Burgundy  Bourgogne Glass,5,Dry Wine,Light,5.0,6,1199.0,Africa,FRA
269,Noble Vines 337 Cabernet Sauvignon,United States,Noble Vines,"Cabernet Sauvignon, Red Wine","Berry, Cherry, Oak, Pepper",14.5,"Pork, Mushrooms",Bordeaux Glass,6,Dry Wine,Full,5.0,28,1299.0,Europe,USA
270,Broadside Paso Robles Cabernet Sauvignon,United States,Broadside,"Cabernet Sauvignon, Red Wine","Cassis, Tobacco, Vanilla, Dark Fruit",13.9,"Cheese - Hard Aged, Beef",Bordeaux Glass,6,Dry Wine,Full,5.0,29,1499.0,Europe,USA
271,Chloe Pinot Grigio,Italy,Chloe,"Pinot Grigio, White Wine","Apple, Citrus, Crisp, Floral, Melon, Peach",12.7,"Shellfish, Salads  Greens",Standard White Glass,3,Dry Wine,Light,5.0,20,1427.0,Americas,ITA
272,Chloe Chardonnay,United States,Chloe,"Chardonnay, White Wine","Apple, Butter, Citrus, Oak, Pear, Toasty, Vanilla",14.0,"Fish - Meaty  Oily, Shellfish, Cheese - Fresh  Soft",Chardonnay Glass,4,Dry Wine,Full,3.7,4,1399.0,Europe,USA
273,Chloe Pinot Noir,United States,Chloe,"Pinot Noir, Red Wine","Berry, Cherry, Smooth, Spicy, Vanilla, Velvety",13.5,"Cheese - Creamy  Bloomy, Cheese - Fresh  Soft, Duck  Game Bird, Fish - Meaty  Oily",Burgundy  Bourgogne Glass,5,Dry Wine,Light,5.0,2,1399.0,Europe,USA
274,Freemark Abbey Napa Valley Cabernet Sauvignon,United States,Freemark Abbey,"Cabernet Sauvignon, Red Wine","Cherry, Chocolate, Dark Fruit, Herbal, Oak, Supple",14.5,"Beef, Duck  Game Bird",Bordeaux Glass,6,Dry Wine,Full,5.0,2,4798.0,Europe,USA
275,Hahn Cabernet Sauvignon,United States,Hahn,"Cabernet Sauvignon, Red Wine","Berry, Cherry, Vanilla",14.5,"Beef, Cheese - Nutty  Semi-Firm, Dessert - Chocolate  Coffee, Duck  Game Bird, Lamb, Mushrooms",Bordeaux Glass,6,Dry Wine,Full,5.0,7,1399.0,Europe,USA
276,Hahn Chardonnay,United States,Hahn,"Chardonnay, White Wine","Citrus, Tropical Fruit, Vanilla",14.5,"Cheese - Fresh  Soft, Fish - Meaty  Oily, Fish - White, Root Vegetables, Salads  Greens, Shellfish",Chardonnay Glass,4,Dry Wine,Full,5.0,4,1299.0,Europe,USA
277,Voga Pinot Grigio,Italy,Voga,"Pinot Grigio, White Wine","Apple, Pear, Rich, Crisp",12.0,"Turkey, Chicken",Standard White Glass,3,Dry Wine,Light,5.0,9,1099.0,Americas,ITA
278,Erath Pinot Noir,United States,Erath,"Pinot Noir, Red Wine","Fresh, Red Fruit, Cherry, Tart",13.0,"Chicken, Turkey",Burgundy  Bourgogne Glass,5,Dry Wine,Light,5.0,85,1897.0,Europe,USA
279,Dreaming Tree Cabernet Sauvignon,United States,The Dreaming Tree,"Cabernet Sauvignon, Red Wine","Berry, Cherry, Cassis, Caramel",13.5,"Beef, Pork",Bordeaux Glass,6,Dry Wine,Full,4.8,42,1489.0,Europe,USA
280,SeaGlass Sauvignon Blanc,United States,SeaGlass,"Sauvignon Blanc, White Wine","Citrus, Grapefruit, Grassy, Crisp",13.5,"Shellfish, Pasta",Standard White Glass,3,Dry Wine,Light,5.0,15,1099.0,Europe,USA
281,Sean Minor 4B Chardonnay,United States,Sean Minor,"Chardonnay, White Wine","Apple, Butter, Citrus, Creamy, Fruity",13.5,"Cheese - Fresh  Soft, Chicken, Fish - Meaty  Oily, Fish - White, Salads  Greens, Shellfish",Chardonnay Glass,4,Dry Wine,Full,5.0,3,1312.0,Europe,USA
282,Santa Margherita Pinot Grigio DOC,Italy,Santa Margherita,"Pinot Grigio, White Wine","Apple, Bright, Citrus, Fresh, Fruity, Light",12.5,"Shellfish, Salads  Greens",Standard White Glass,3,Dry Wine,Light,4.8,338,2599.0,Americas,ITA
283,Santa Margherita Chianti Classico Riserva DOCG,Italy,Santa Margherita,"Chianti Blend, Red Wine","Cherry, Earthy",13.5,"Cured Meats, Cheese - Hard Aged",Standard Red Glass,6,Dry Wine,Medium,5.0,9,2499.0,Americas,ITA
284,Pascal Jolivet Attitude Sauvignon Blanc,France,Domaine Pascal Jolivet,"Sauvignon Blanc, White Wine","Apple, Citrus, Dry, Grapefruit, Green Apple, Herbal, Minerality",12.0,"Cheese - Creamy  Bloomy, Cheese - Fresh  Soft, Chicken, Fish - Meaty  Oily, Fish - White, Salads  Greens, Shellfish, Tomatoes",Standard White Glass,3,Dry Wine,Light,5.0,2,1999.0,Africa,FRA
285,Ancient Peaks Cabernet Sauvignon,United States,Ancient Peaks,"Cabernet Sauvignon, Red Wine","Blueberry, Cassis, Cherry",14.5,"Beef, Duck  Game Bird, Lamb",Bordeaux Glass,6,Dry Wine,Full,5.0,3,1999.0,Europe,USA
286,Acrobat Pinot Noir,United States,Acrobat,"Pinot Noir, Red Wine","Berry, Earthy, Cinnamon, Chocolate",13.0,"Duck  Game Bird, Lamb",Burgundy  Bourgogne Glass,5,Dry Wine,Light,4.4,9,1998.0,Europe,USA
287,Tortoise Creek Pinot Noir,United States,Tortoise Creek,"Pinot Noir, Red Wine","Balanced, Berry, Cassis, Cherry, Dried Fruit, Fruity, Red Fruit",13.6,"Chicken, Duck  Game Bird, Fish - Meaty  Oily, Turkey",Burgundy  Bourgogne Glass,5,Dry Wine,Light,5.0,6,1299.0,Europe,USA
288,Grayson Cellars Cabernet Sauvigon,United States,Grayson Cellars,"Cabernet Sauvignon, Red Wine","Fruity, Blueberry, Spicy, Earthy",13.9,"Cured Meats, Cheese - Hard Aged",Bordeaux Glass,6,Dry Wine,Full,5.0,2,1099.0,Europe,USA
289,Silver Palm Cabernet Sauvignon,United States,Silver Palm,"Cabernet Sauvignon, Red Wine","Anise, Cherry, Chocolate, Currant, Dark Fruit, Dry, Oak, Silky, Smooth, Tobacco",14.5,"Beef, Cured Meats, Duck  Game Bird",Bordeaux Glass,6,Dry Wine,Full,5.0,7,1746.0,Europe,USA
290,Tilia Malbec,Argentina,Tilia,"Malbec, Red Wine","Cherry, Dark Fruit, Floral, Vanilla",13.5,"Duck  Game Bird, Fruit - Sweet",Standard Red Glass,6,Dry Wine,Full,5.0,42,1099.0,Africa,ARG
291,Cigar Box Reserve Hand Harvested Malbec,Argentina,Cigar Box,"Malbec, Red Wine","Dark Fruit, Floral, Vanilla, Rich",13.5,"Fish - Meaty  Oily, Beef",Standard Red Glass,6,Dry Wine,Full,5.0,10,1199.0,Africa,ARG
292,Diamandes Perlita Malbec-Syrah,Argentina,DiamAndes,"Malbec, Red Wine","Dark Fruit, Berry, Vanilla, Anise",14.5,"Lamb, Pasta",Standard Red Glass,6,Dry Wine,Full,5.0,4,1367.0,Africa,ARG
293,Markham Merlot,United States,Markham Vineyards,"Merlot, Red Wine","Balanced, Berry, Bold, Caramel, Cherry, Chocolate, Coffee, Creamy, Earthy, Fruity, Jammy, Mocha, Oak, Red Fruit, Rich, Round, Silky, Smooth, Spicy, Supple, Toasty, Vanilla, Velvety",14.6,"Beef, Cheese - Blue, Cheese - Creamy  Bloomy, Cheese - Fresh  Soft, Cheese - Hard Aged, Cheese - Nutty  Semi-Firm, Cheese - Stinky, Chicken, Cured Meats, Duck  Game Bird, Fish - Meaty  Oily, Lamb, Mushrooms, Pasta, Pork, Root Vegetables, Tomatoes, Turkey",Bordeaux Glass,6,Dry Wine,Medium,5.0,2,2299.0,Europe,USA
294,AVA Grace Vineyards Pinot Grigio White Wine,United States,AVA Grace Vineyards,"Pinot Grigio, White Wine","Citrus, Crisp, Floral, Honey, Stone Fruit",13.0,"Shellfish, Salads  Greens",Standard White Glass,3,Dry Wine,Light,5.0,2,999.0,Europe,USA
295,"AVA Grace Vineyards Sauvignon Blanc White Wine – 750ml, 2017 California",United States,AVA Grace Vineyards,"Sauvignon Blanc, White Wine","Bright, Citrus, Grapefruit, Melon, Tropical",13.5,"Cheese - Fresh  Soft, Chicken, Salads  Greens",Standard White Glass,3,Dry Wine,Light,5.0,2,910.0,Europe,USA
296,Toad Hollow Chardonnay,United States,Toad Hollow,"Chardonnay, White Wine","Crisp, Melon, Stone Fruit",13.9,"Fish - Meaty  Oily, Shellfish, Cheese - Fresh  Soft",Chardonnay Glass,4,Dry Wine,Full,5.0,3,1367.0,Europe,USA
297,Santa Marina Pinot Grigio,Italy,Santa Marina,"Pinot Grigio, White Wine","Crisp, Fresh, Fruity, Light, Stone Fruit",12.0,"Turkey, Shellfish",Standard White Glass,3,Dry Wine,Light,5.0,43,748.0,Americas,ITA
298,Bread & Butter Pinot Noir,United States,Bread  Butter,"Pinot Noir, Red Wine","Floral, Chocolate, Cherry, Pear",13.5,"Beef, Chicken",Burgundy  Bourgogne Glass,5,Dry Wine,Light,4.8,206,1499.0,Europe,USA
299,Bread & Butter Chardonnay,United States,Bread  Butter,"Chardonnay, White Wine","Creamy, Vanilla, Nutty, Minerality",13.5,"Pork, Fish - Meaty  Oily",Chardonnay Glass,4,Dry Wine,Full,5.0,93,1499.0,Europe,USA
300,Willamette Valley Vineyards Whole Cluster Pinot Noir,United States,Willamette Valley Vineyards,"Pinot Noir, Red Wine","Balanced, Cherry, Currant, Mocha, Red Fruit",13.5,"Beef, Cheese - Fresh  Soft, Duck  Game Bird, Fish - Meaty  Oily, Lamb, Pasta, Pork",Burgundy  Bourgogne Glass,5,Dry Wine,Light,5.0,10,2299.0,Europe,USA
301,Carmel Road Monterey Chardonnay,United States,Carmel Road,"Chardonnay, White Wine","Crisp, Stone Fruit, Tropical",13.5,"Cheese - Fresh  Soft, Fish - Meaty  Oily, Shellfish",Chardonnay Glass,4,Dry Wine,Full,5.0,4,1499.0,Europe,USA
302,Carmel Road Monterey Pinot Noir,United States,Carmel Road,"Pinot Noir, Red Wine","Berry, Cherry, Dark Fruit, Toasty, Vanilla",13.8,"Duck  Game Bird, Fish - Meaty  Oily",Burgundy  Bourgogne Glass,5,Dry Wine,Light,5.0,3,1599.0,Europe,USA
303,RouteStock Willamette Valley Pinot Noir,United States,RouteStock,"Pinot Noir, Red Wine","Cherry, Cinnamon, Citrus, Dark Fruit, Leather, Red Fruit",13.5,"Fish - Meaty  Oily, Duck  Game Bird",Burgundy  Bourgogne Glass,5,Dry Wine,Light,3.3,3,2309.0,Europe,USA
304,RouteStock Cabernet Sauvignon,United States,RouteStock,"Cabernet Sauvignon, Red Wine","Balanced, Dark Fruit, Floral, Herbal, Oak",14.2,"Beef, Duck  Game Bird",Bordeaux Glass,6,Dry Wine,Full,5.0,2,2498.0,Europe,USA
305,Mer Soleil Silver Unoaked Chardonnay,United States,Mer Soleil,"Chardonnay, White Wine","Bright, Citrus, Crisp, Nectarine",13.8,"Cheese - Fresh  Soft, Chicken, Fish - White, Salads  Greens, Shellfish",Chardonnay Glass,4,Dry Wine,Full,5.0,8,1999.0,Europe,USA
306,Mer Soleil Chardonnay,United States,Mer Soleil,"Chardonnay, White Wine","Apricot, Bright, Citrus, Creamy, Floral, Fresh, Honey, Toasty",14.5,"Fish - Meaty  Oily, Shellfish, Cheese - Fresh  Soft",Chardonnay Glass,4,Dry Wine,Full,5.0,5,2799.0,Europe,USA
307,Bandit Pinot Grigio 1L Tetra Pak ®,United States,Bandit,"Pinot Grigio, White Wine","Peach, Citrus, Green Apple, Tart",13.3,"Salads  Greens, Cheese - Fresh  Soft",Standard White Glass,3,Semi-Sweet  Off-Dry,Light,5.0,2,799.0,Europe,USA
308,Antigal Uno Malbec,Argentina,Antigal,"Malbec, Red Wine","Acidic, Berry, Blueberry, Bright, Chocolate, Floral, Vanilla",13.9,"Beef, Cheese - Nutty  Semi-Firm, Fish - Meaty  Oily, Mushrooms, Pasta, Turkey",Standard Red Glass,6,Dry Wine,Full,5.0,33,1599.0,Africa,ARG
309,Alamos Malbec,Argentina,Alamos,"Malbec, Red Wine","Cherry, Dark Fruit, Oak",13.6,"Beef, Duck  Game Bird",Standard Red Glass,6,Dry Wine,Full,4.9,319,1099.0,Africa,ARG
310,Alamos Cabernet Sauvignon,Argentina,Alamos,"Cabernet Sauvignon, Red Wine","Berry, Herbal, Oak, Vanilla",13.5,"Beef, Lamb",Bordeaux Glass,6,Dry Wine,Full,4.7,18,1099.0,Africa,ARG
311,Alamos Red Blend,Argentina,Alamos,"Red Blend, Red Wine","Dark Fruit, Spicy, Rich, Bold",13.9,"Beef, Lamb",Standard Red Glass,6,Dry Wine,Full,4.2,7,1099.0,Africa,ARG
312,Caymus Napa Valley Cabernet Sauvignon,United States,Caymus,"Cabernet Sauvignon, Red Wine","Berry, Cassis, Oak",14.5,"Beef, Duck  Game Bird",Bordeaux Glass,6,Dry Wine,Full,4.4,51,7024.0,Europe,USA
313,Caymus Red Schooner,Argentina,Caymus,"Malbec, Red Wine","Earthy, Silky, Smooth",14.6,"Pork, Mushrooms",Standard Red Glass,6,Dry Wine,Full,2.5,2,4999.0,Africa,ARG
314,Root:1 Cabernet Sauvignon,Chile,Root 1,"Cabernet Sauvignon, Red Wine","Chocolate, Currant, Mocha, Rich",14.0,"Pasta, Cheese - Stinky",Bordeaux Glass,6,Dry Wine,Full,5.0,2,1099.0,Africa,CHL
315,Spellbound California Cabernet Sauvignon,United States,Spellbound,"Cabernet Sauvignon, Red Wine","Berry, Bold, Cassis, Dark Fruit, Oak, Round",13.5,"Beef, Dessert - Chocolate  Coffee, Duck  Game Bird, Mushrooms",Bordeaux Glass,6,Dry Wine,Full,5.0,2,1399.0,Europe,USA
316,Toasted Head Chardonnay,United States,Toasted Head,"Chardonnay, White Wine","Peach, Pear, Toasty, Caramel",14.0,"Pork, Pasta",Chardonnay Glass,4,Dry Wine,Full,4.3,22,1199.0,Europe,USA
317,KRIS Pinot Grigio,Italy,KRIS,"Pinot Grigio, White Wine","Citrus, Stone Fruit, Nutty",12.5,"Chicken, Fish - White, Pasta, Salads  Greens, Shellfish",Standard White Glass,3,Dry Wine,Light,4.9,70,1299.0,Americas,ITA
318,Indaba Sauvignon Blanc,South Africa,Indaba,"Sauvignon Blanc, White Wine","Tropical Fruit, Citrus, Fig, Grassy",13.0,"Shellfish, Cheese - Creamy  Bloomy",Standard White Glass,3,Dry Wine,Light,4.2,7,999.0,Eastern Mediterranean,ZAF
319,Flowers Sonoma Coast Pinot Noir,United States,Flowers Vineyards and Winery,"Pinot Noir, Red Wine","Balanced, Bright, Cherry, Floral, Red Fruit",14.1,"Cured Meats, Duck  Game Bird, Fish - Meaty  Oily, Lamb, Pasta",Burgundy  Bourgogne Glass,5,Dry Wine,Light,5.0,15,4999.0,Europe,USA
320,Flowers Sonoma Coast Chardonnay,United States,Flowers Vineyards and Winery,"Chardonnay, White Wine","Balanced, Bright, Citrus, Crisp, Dry, Green Apple, Pear, Rich, Roasted, Round, Stone Fruit, Vanilla",13.5,"Cheese - Fresh  Soft, Chicken, Fish - Meaty  Oily, Pasta, Pork, Salads  Greens, Shellfish",Chardonnay Glass,4,Dry Wine,Full,5.0,7,4699.0,Europe,USA
321,Raeburn Chardonnay,United States,Raeburn,"Chardonnay, White Wine","Apple, Balanced, Nectarine, Oak, Pear, Vanilla",14.0,"Cheese - Fresh  Soft, Dessert - Vanilla  Caramel, Fish - Meaty  Oily, Shellfish",Chardonnay Glass,4,Dry Wine,Full,5.0,15,1799.0,Europe,USA
322,Replica Misbehaved California Pinot Noir,United States,Replica,"Pinot Noir, Red Wine","Caramel, Oak, Red Fruit, Rich",13.8,"Fish - Meaty  Oily, Duck  Game Bird",Burgundy  Bourgogne Glass,5,Dry Wine,Light,5.0,2,1599.0,Europe,USA
323,Spy Valley Sauvignon Blanc,New Zealand,Spy Valley,"Sauvignon Blanc, White Wine","Grapefruit, Grassy, Intense, Minerality",12.8,"Tomatoes, Salads  Greens",Standard White Glass,3,Dry Wine,Light,5.0,4,1599.0,Americas,NZL
324,Raeburn Chardonnay,United States,Raeburn,"Chardonnay, White Wine","Apple, Balanced, Nectarine, Oak, Pear, Vanilla",14.0,"Cheese - Fresh  Soft, Dessert - Vanilla  Caramel, Fish - Meaty  Oily, Shellfish",Chardonnay Glass,4,Dry Wine,Full,5.0,15,1799.0,Europe,USA
325,Replica Misbehaved California Pinot Noir,United States,Replica,"Pinot Noir, Red Wine","Caramel, Oak, Red Fruit, Rich",13.8,"Fish - Meaty  Oily, Duck  Game Bird",Burgundy  Bourgogne Glass,5,Dry Wine,Light,5.0,2,1599.0,Europe,USA
326,Spy Valley Sauvignon Blanc,New Zealand,Spy Valley,"Sauvignon Blanc, White Wine","Grapefruit, Grassy, Intense, Minerality",12.8,"Tomatoes, Salads  Greens",Standard White Glass,3,Dry Wine,Light,5.0,4,1599.0,Americas,NZL
327,Montecillo Crianza,Spain,Montecillo,"Red Wine, Rioja Blend","Cherry, Coconut, Jammy, Red Fruit, Stone Fruit",13.5,"Tomatoes, Cured Meats",Standard Red Glass,5,Dry Wine,Medium,5.0,2,1199.0,Eastern Mediterranean,ESP
328,Butter Chardonnay,United States,JaM Cellars,"Chardonnay, White Wine","Citrus, Creamy, Fruity, Stone Fruit, Vanilla",14.8,"Chicken, Mushrooms, Pasta, Shellfish",Chardonnay Glass,4,Dry Wine,Full,4.8,104,1699.0,Europe,USA
329,Alias Pinot Noir,United States,Alias,"Pinot Noir, Red Wine","Cherry, Chocolate, Currant, Earthy, Minerality, Red Fruit",13.7,"Cheese - Fresh  Soft, Cured Meats, Duck  Game Bird, Fish - Meaty  Oily",Burgundy  Bourgogne Glass,5,Dry Wine,Light,5.0,2,1099.0,Europe,USA
330,Baby Blue,United States,Blue Rock,"Bordeaux Blend, Red Wine","Blueberry, Herbal, Nutmeg, Red Fruit, Vanilla",14.3,"Beef, Chicken, Duck  Game Bird, Pasta",Bordeaux Glass,6,Dry Wine,Full,5.0,2,3157.0,Europe,USA
331,Carnivor Cabernet Sauvignon,United States,Carnivor,"Cabernet Sauvignon, Red Wine","Berry, Coffee, Mocha, Oak",13.8,"Beef, Lamb",Bordeaux Glass,6,Dry Wine,Full,4.8,121,1199.0,Europe,USA
332,Crios de Susana Balbo Malbec,Argentina,Crios,"Malbec, Red Wine","Berry, Cherry, Dry, Oak, Red Fruit",13.9,"Beef, Cheese - Fresh  Soft, Lamb, Salads  Greens",Standard Red Glass,6,Dry Wine,Full,5.0,4,1367.0,Africa,ARG
333,Cannonball Cabernet Sauvignon,United States,Cannonball,"Cabernet Sauvignon, Red Wine","Dark Fruit, Spicy, Chocolate, Oak",13.7,"Beef, Pasta",Bordeaux Glass,6,Dry Wine,Full,5.0,13,1499.0,Europe,USA
334,Oberon Napa County Cabernet Sauvignon,United States,Oberon,"Cabernet Sauvignon, Red Wine","Dark Fruit, Supple, Chocolate, Spicy",13.7,"Beef, Cheese - Fresh  Soft, Duck  Game Bird, Lamb",Bordeaux Glass,6,Dry Wine,Full,5.0,14,2299.0,Europe,USA
335,The Pinot Project Pinot Noir,United States,The Pinot Project,"Pinot Noir, Red Wine","Cherry, Oak, Spicy",13.5,"Chicken, Cheese - Fresh  Soft",Burgundy  Bourgogne Glass,5,Dry Wine,Light,4.7,157,1399.0,Europe,USA
336,Averaen Willamette Valley Pinot Noir,United States,Averaen,"Pinot Noir, Red Wine",Red Fruit,13.8,"Fish - Meaty  Oily, Duck  Game Bird",Burgundy  Bourgogne Glass,5,Dry Wine,Light,4.5,11,2000.0,Europe,USA
337,Love Noir Pinot Noir Red Wine,United States,Love Noir,"Pinot Noir, Red Wine","Balanced, Cherry, Coffee, Dark Fruit, Jammy",13.5,"Fish - Meaty  Oily, Duck  Game Bird",Burgundy  Bourgogne Glass,5,Dry Wine,Light,4.5,11,1199.0,Europe,USA
338,Imagery Cabernet Sauvignon,United States,Imagery,"Cabernet Sauvignon, Red Wine","Dark Fruit, Pepper, Spicy, Toasty, Vanilla",13.5,"Beef, Duck  Game Bird",Bordeaux Glass,6,Dry Wine,Full,5.0,9,1699.0,Europe,USA
339,Imagery Pinot Noir,United States,Imagery,"Pinot Noir, Red Wine","Berry, Cherry, Jammy, Oak",13.5,"Fish - Meaty  Oily, Duck  Game Bird",Burgundy  Bourgogne Glass,5,Dry Wine,Light,5.0,8,1699.0,Europe,USA
340,Imagery Chardonnay,United States,Imagery,"Chardonnay, White Wine","Apple, Citrus, Creamy, Oak",13.5,"Fish - Meaty  Oily, Shellfish, Cheese - Fresh  Soft",Chardonnay Glass,4,Dry Wine,Full,5.0,2,1499.0,Europe,USA
341,Imagery Sauvignon Blanc,United States,Imagery,"Sauvignon Blanc, White Wine","Citrus, Crisp, Minerality",12.5,"Cheese - Fresh  Soft, Chicken, Fruit - Citrus, Fruit - Dried",Standard White Glass,3,Dry Wine,Light,5.0,2,1499.0,Europe,USA
342,Matua Marlborough Sauvignon Blanc,New Zealand,Matua,"Sauvignon Blanc, White Wine","Citrus, Crisp, Fresh, Tropical",13.0,"Cheese - Fresh  Soft, Chicken, Fish - White",Standard White Glass,3,Dry Wine,Light,4.9,511,1199.0,Americas,NZL
343,Chime Chardonnay California,United States,Chime,"Chardonnay, White Wine","Apple, Honey, Peach, Pineapple",14.2,"Fish - Meaty  Oily, Shellfish, Cheese - Fresh  Soft",Chardonnay Glass,4,Dry Wine,Full,5.0,2,1099.0,Europe,USA
344,Duck Pond Pinot Noir,United States,Duck Pond,"Pinot Noir, Red Wine","Cherry, Red Fruit",13.5,"Duck  Game Bird, Fish - Meaty  Oily",Burgundy  Bourgogne Glass,5,Dry Wine,Light,2.5,2,1999.0,Europe,USA
345,Cloudy Bay Sauvignon Blanc,New Zealand,Cloudy Bay,"Sauvignon Blanc, White Wine","Bright, Citrus, Crisp, Dry, Floral, Fresh, Grassy, Pepper",13.5,"Chicken, Cheese - Fresh  Soft",Standard White Glass,3,Dry Wine,Light,5.0,80,2999.0,Americas,NZL
346,Loveblock Sauvignon Blanc,New Zealand,Loveblock,"Sauvignon Blanc, White Wine","Acidic, Balanced, Citrus, Creamy, Herbal, Minerality, Peach",12.5,"Cheese - Creamy  Bloomy, Cheese - Fresh  Soft, Root Vegetables, Shellfish",Standard White Glass,3,Dry Wine,Light,5.0,11,2099.0,Americas,NZL
347,Loveblock Pinot Noir,New Zealand,Loveblock,"Pinot Noir, Red Wine","Berry, Cherry, Stone Fruit",14.0,"Beef, Chicken, Duck  Game Bird",Burgundy  Bourgogne Glass,5,Dry Wine,Light,5.0,2,2999.0,Americas,NZL
348,Conundrum White Blend,United States,Conundrum,"White Blend, White Wine","Bright, Fresh, Tropical",13.4,"Cheese - Fresh  Soft, Chicken, Pasta",Standard White Glass,3,Dry Wine,Light,4.7,18,1799.0,Europe,USA
349,Aviary Cabernet Sauvignon,United States,Aviary Vineyards,"Cabernet Sauvignon, Red Wine","Blueberry, Dark Fruit, Earthy, Eucalyptus, Red Fruit, Velvety",13.9,"Beef, Duck  Game Bird",Bordeaux Glass,6,Dry Wine,Full,5.0,4,1778.0,Europe,USA
350,Luna Nuda Pinot Grigio,Italy,Luna Nuda,"Pinot Grigio, White Wine","Bright, Citrus, Crisp, Fruity, Light, Stone Fruit",12.5,"Shellfish, Salads  Greens",Standard White Glass,3,Dry Wine,Light,5.0,5,1299.0,Americas,ITA
351,Honig Napa Valley Sauvignon Blanc,United States,Honig,"Sauvignon Blanc, White Wine","Acidic, Bright, Crisp, Dry, Fresh, Grapefruit, Peach, Stone Fruit",13.5,"Pasta, Fish - White, Cheese - Creamy  Bloomy, Shellfish",Standard White Glass,3,Dry Wine,Light,5.0,35,1799.0,Europe,USA
352,Honig Cabernet Sauvignon,United States,Honig,"Cabernet Sauvignon, Red Wine","Dark Fruit, Red Fruit, Toasty",14.8,"Beef, Cheese - Hard Aged, Duck  Game Bird, Lamb, Pork",Bordeaux Glass,6,Dry Wine,Full,5.0,2,4399.0,Europe,USA
353,BABE Grigio with Bubbles,United States,BABE,"Pinot Grigio, White Wine","Citrus, Melon, Minerality, Pear",12.0,"Shellfish, Salads  Greens",Standard White Glass,3,Dry Wine,Light,4.6,15,1319.0,Europe,USA
354,Ca’ Donini Pinot Grigio,Italy,Ca Donini,"Pinot Grigio, White Wine","Honey, Apple, Floral, Pear",11.5,"Shellfish, Salads  Greens",Standard White Glass,3,Dry Wine,Light,5.0,7,799.0,Americas,ITA
355,Paul Dolan Vineyards Organically Grown Cabernet Sauvignon,United States,Paul Dolan,"Cabernet Sauvignon, Red Wine","Cassis, Cherry, Dark Fruit",14.5,"Beef, Cheese - Hard Aged, Cured Meats, Duck  Game Bird",Bordeaux Glass,6,Dry Wine,Full,5.0,3,2174.0,Europe,USA
356,Punto Final Malbec Clásico,Argentina,Renacer,"Malbec, Red Wine","Dark Fruit, Currant, Oak, Vanilla",13.5,"Beef, Cheese - Hard Aged",Standard Red Glass,6,Dry Wine,Full,4.7,24,1299.0,Africa,ARG
357,Domaine Jean Bousquet Cabernet Sauvignon,Argentina,Domaine Jean Bousquet,"Cabernet Sauvignon, Red Wine","Cassis, Currant, Minerality, Spicy",15.0,"Cheese - Hard Aged, Beef",Bordeaux Glass,6,Dry Wine,Full,2.5,2,1199.0,Africa,ARG
358,La Posta Pizzella Malbec,Argentina,La Posta,"Malbec, Red Wine","Bold, Cherry, Chocolate, Dark Fruit, Nutmeg",13.5,"Cured Meats, Duck  Game Bird, Mushrooms, Pork",Standard Red Glass,6,Dry Wine,Full,5.0,5,1599.0,Africa,ARG
359,Emmolo Sauvignon Blanc,United States,Emmolo,"Sauvignon Blanc, White Wine","Bright, Citrus, Melon - Honeydew, Minerality, Nectarine",12.4,"Cheese - Fresh  Soft, Chicken, Fish - White, Salads  Greens",Standard White Glass,3,Dry Wine,Light,5.0,4,1999.0,Europe,USA
360,Textbook Cabernet Sauvignon,United States,Textbook,"Cabernet Sauvignon, Red Wine","Balanced, Bold, Cassis, Cherry, Chocolate, Dark Fruit, Dry, Earthy, Intense, Jammy, Mocha, Rich, Silky, Smooth, Vanilla",13.3,"Beef, Cheese - Blue, Cheese - Creamy  Bloomy, Cheese - Fresh  Soft, Cheese - Hard Aged, Cheese - Nutty  Semi-Firm, Cheese - Stinky, Chicken, Cured Meats, Lamb, Mushrooms, Nuts, Pasta, Pork, Root Vegetables, Turkey",Bordeaux Glass,6,Dry Wine,Full,5.0,3,2999.0,Europe,USA
361,Benton-Lane Estate Pinot Noir,United States,Benton Lane,"Pinot Noir, Red Wine","Balanced, Berry, Blueberry, Cassis, Cherry, Dark Fruit, Oak, Spicy",14.1,"Beef, Cheese - Creamy  Bloomy, Cheese - Fresh  Soft, Cheese - Hard Aged, Chicken, Cured Meats, Duck  Game Bird, Lamb",Burgundy  Bourgogne Glass,5,Dry Wine,Light,5.0,2,2499.0,Europe,USA
362,Wairau River Sauvignon Blanc,New Zealand,Wairau River,"Sauvignon Blanc, White Wine","Acidic, Crisp, Fresh, Fruity, Grapefruit, Intense, Light, Peach, Tropical Fruit",13.0,"Cheese - Creamy  Bloomy, Cheese - Fresh  Soft, Chicken, Shellfish",Standard White Glass,3,Dry Wine,Light,5.0,2,1574.0,Americas,NZL
363,Quilt Cabernet Sauvignon,United States,Quilt Wines,"Cabernet Sauvignon, Red Wine","Anise, Balanced, Berry, Cassis, Chocolate, Oak, Silky, Smooth, Supple, Vanilla",15.1,"Beef, Cheese - Nutty  Semi-Firm, Cured Meats, Duck  Game Bird, Lamb, Mushrooms, Nuts, Pasta, Pork, Turkey",Bordeaux Glass,6,Dry Wine,Full,4.4,17,4999.0,Europe,USA
364,Quilt Napa Valley Chardonnay,United States,Quilt Wines,"Chardonnay, White Wine","Apple, Butter, Citrus, Crisp, Honey, Melon, Smooth, Stone Fruit, Supple, Tropical Fruit, Vanilla",14.7,"Cheese - Fresh  Soft, Cheese - Stinky, Chicken, Dessert - Chocolate  Coffee, Fish - Meaty  Oily, Mushrooms, Nuts, Pasta, Salads  Greens, Shellfish, Turkey",Chardonnay Glass,4,Dry Wine,Full,5.0,2,2999.0,Europe,USA
365,Auspicion Cabernet Sauvignon,United States,Auspicion,"Cabernet Sauvignon, Red Wine","Silky, Dark Fruit, Berry, Vanilla",13.5,"Beef, Lamb",Bordeaux Glass,6,Dry Wine,Full,5.0,3,1199.0,Europe,USA
366,Gemma Di Luna Pinot Grigio DOC Delle Venezie,Italy,Gemma Di Luna,"Pinot Grigio, White Wine","Apple, Balanced, Bright, Crisp, Fresh, Honey, Light, Pineapple",12.0,"Cheese - Fresh  Soft, Cheese - Hard Aged, Chicken, Dessert - Vanilla  Caramel, Fish - White, Pasta, Salads  Greens, Shellfish",Standard White Glass,3,Semi-Sweet  Off-Dry,Light,5.0,5,1299.0,Americas,ITA
367,Riff Pinot Grigio DOC,Italy,Riff,"Pinot Grigio, White Wine","Crisp, Apple, Peach, Citrus",12.5,"Chicken, Fish - White, Pasta, Salads  Greens, Shellfish",Standard White Glass,3,Dry Wine,Light,5.0,4,1099.0,Americas,ITA
368,Altos Hormigas Malbec,Spain,Altos Las Hormigas,"Malbec, Red Wine","Berry, Dark Fruit, Pepper, Spicy",13.5,"Beef, Lamb",Standard Red Glass,6,Dry Wine,Full,5.0,5,1199.0,Eastern Mediterranean,ESP
369,Southern Right Sauvignon Blanc,South Africa,Southern Right,"Sauvignon Blanc, White Wine","Crisp, Minerality",13.5,"Chicken, Cheese - Fresh  Soft",Standard White Glass,3,Dry Wine,Light,5.0,2,1559.0,Eastern Mediterranean,ZAF
370,Flaco Tempranillo,Spain,Flaco,"Red Wine, Tempranillo","Berry, Syrupy, Floral, Red Fruit",13.0,"Lamb, Pork",Standard Red Glass,5,Dry Wine,Medium,5.0,3,899.0,Eastern Mediterranean,ESP
371,Diseno Malbec,Argentina,Diseno,"Malbec, Red Wine","Earthy, Blueberry, Chocolate, Balanced",13.5,"Beef, Lamb",Standard Red Glass,6,Dry Wine,Full,5.0,15,1069.0,Africa,ARG
372,Folly Of The Beast Pinot Noir,United States,Folly of the Beast,"Pinot Noir, Red Wine","Balanced, Berry, Blueberry, Bright, Cherry, Cinnamon, Dried Fruit, Dry, Earthy, Fresh, Minerality, Red Fruit, Rose Petal, Silky, Smoky, Spicy, Vanilla, Woody",13.8,"Cheese - Fresh  Soft, Cheese - Nutty  Semi-Firm, Cheese - Stinky, Chicken, Cured Meats, Duck  Game Bird, Fish - Meaty  Oily, Fish - White, Lamb, Mushrooms, Pasta, Pork, Root Vegetables, Shellfish, Turkey",Burgundy  Bourgogne Glass,5,Dry Wine,Light,5.0,13,1699.0,Europe,USA
373,Hahn SLH Pinot Noir,United States,Hahn SLH,"Pinot Noir, Red Wine","Berry, Cherry, Spicy",14.5,"Cheese - Fresh  Soft, Chicken, Dessert - Chocolate  Coffee, Duck  Game Bird, Fish - Meaty  Oily, Root Vegetables, Shellfish",Burgundy  Bourgogne Glass,5,Dry Wine,Light,5.0,7,2399.0,Europe,USA
374,INTRINSIC Cabernet Sauvignon,United States,Intrinsic Wine Co.,"Cabernet Sauvignon, Red Wine","Blueberry, Bold, Cherry, Chocolate, Dark Fruit",14.5,"Beef, Cheese - Blue, Cheese - Creamy  Bloomy, Cheese - Fresh  Soft, Cheese - Hard Aged, Cheese - Nutty  Semi-Firm, Cheese - Stinky, Duck  Game Bird, Lamb, Pork, Root Vegetables",Bordeaux Glass,6,Dry Wine,Full,5.0,32,2199.0,Europe,USA
375,Martin Codax Ergo Rojo Spanish Red Blend,Spain,Martin Codax,"Red Wine, Rioja Blend","Cassis, Dark Fruit, Leather, Spicy",13.5,"Duck  Game Bird, Lamb",Standard Red Glass,5,Dry Wine,Medium,5.0,2,1249.0,Eastern Mediterranean,ESP
376,Faust Cabernet Sauvignon,United States,Faust,"Cabernet Sauvignon, Red Wine","Balanced, Bright, Dark Fruit, Fresh, Herbal, Intense, Red Fruit, Silky",14.5,"Beef, Duck  Game Bird",Bordeaux Glass,6,Dry Wine,Full,5.0,15,5400.0,Europe,USA
377,Jordan Cabernet Sauvignon,United States,Jordan,"Cabernet Sauvignon, Red Wine","Cassis, Cherry, Floral, Intense",13.5,"Pork, Lamb",Bordeaux Glass,6,Dry Wine,Full,5.0,16,5699.0,Europe,USA
378,True Myth Cabernet Sauvignon,United States,True Myth,"Cabernet Sauvignon, Red Wine","Cherry, Currant, Jammy, Pepper, Smooth, Vanilla",14.5,"Beef, Duck  Game Bird, Lamb",Bordeaux Glass,6,Dry Wine,Full,5.0,4,1999.0,Europe,USA
379,Pomelo Sauvignon Blanc,United States,Pomelo,"Sauvignon Blanc, White Wine","Floral, Peach, Melon, Citrus",12.7,"Shellfish, Salads  Greens",Standard White Glass,3,Dry Wine,Light,5.0,5,1199.0,Europe,USA
380,Clean Slate Riesling,Germany,Clean Slate,"Riesling, White Wine","Peach, Citrus, Acidic, Minerality",10.5,"Fish - White, Chicken",Standard White Glass,3,Semi-Sweet  Off-Dry,Light,5.0,21,1099.0,Africa,DEU
381,THRIVE Sauvignon Blanc,United States,THRIVE,"Sauvignon Blanc, White Wine","Citrus, Green Apple, Tropical Fruit",12.8,"Fish - White, Cheese - Fresh  Soft",Standard White Glass,3,Dry Wine,Light,5.0,7,1399.0,Europe,USA
382,Torresella Pinot Grigio Venezia DOC,Italy,Torresella,"Pinot Grigio, White Wine","Acidic, Balanced, Bright, Citrus, Crisp, Dry, Floral, Fresh, Green Apple, Light, Stone Fruit",12.0,"Cheese - Fresh  Soft, Chicken, Fish - White, Fruit - Citrus, Fruit - Dried, Pasta, Salads  Greens, Shellfish, Tomatoes",Standard White Glass,3,Dry Wine,Light,2.5,2,1499.0,Americas,ITA
383,Benvolio Friuli Pinot Grigio,Italy,Benvolio,"Pinot Grigio, White Wine","Floral, Nutty, Peach",12.5,"Fish - White, Salads  Greens, Shellfish",Standard White Glass,3,Dry Wine,Light,2.5,2,999.0,Americas,ITA
384,Starborough Sauvignon Blanc,New Zealand,Starborough,"Sauvignon Blanc, White Wine","Citrus, Tropical Fruit, Vegetal",12.5,"Shellfish, Salads  Greens",Standard White Glass,3,Dry Wine,Light,4.8,316,1299.0,Americas,NZL
385,7 Deadly Zins Zinfandel,United States,7 Deadly Zins,"Red Wine, Zinfandel","Currant, Dark Fruit, Leather, Oak, Spicy",15.0,"Beef, Lamb",Standard Red Glass,6,Dry Wine,Medium,5.0,47,1599.0,Europe,USA
386,"13 Celsius® Sauvignon Blanc – 750ml, Marlborough, New Zealand",New Zealand,13 Celsius,"Sauvignon Blanc, White Wine","Citrus, Crisp, Herbal, Minerality",12.5,"Chicken, Cheese - Fresh  Soft",Standard White Glass,3,Dry Wine,Light,5.0,10,1299.0,Americas,NZL
387,"13 Celsius® Pinot Grigio – 750ml, Delle Venezie D.O.C., Italy",Italy,13 Celsius,"Pinot Grigio, White Wine","Crisp, Pear, Tropical Fruit",12.5,"Fish - White, Fruit - Dried, Salads  Greens",Standard White Glass,3,Dry Wine,Medium,5.0,2,1299.0,Americas,ITA
388,Montebuena Rioja,Spain,Montebuena,"Red Wine, Tempranillo","Dark Fruit, Fruity, Round, Vanilla",14.0,"Duck  Game Bird, Cheese - Nutty  Semi-Firm",Standard Red Glass,5,Dry Wine,Medium,5.0,6,1199.0,Eastern Mediterranean,ESP
389,IL Bastardo Sangiovese,Italy,IL Bastardo,"Red Wine, Sangiovese","Berry, Cherry, Dark Fruit",13.0,"Cheese - Hard Aged, Cured Meats, Pasta",Standard Red Glass,6,Dry Wine,Medium,5.0,9,899.0,Americas,ITA
390,Bodini Malbec,Argentina,Bodini,"Malbec, Red Wine","Spicy, Round, Dark Fruit, Balanced",13.5,"Chicken, Beef",Standard Red Glass,6,Dry Wine,Full,5.0,3,1199.0,Africa,ARG
391,Block Nine Pinot Noir,United States,Block Nine,"Pinot Noir, Red Wine","Rich, Cherry, Oak",13.0,"Chicken, Turkey",Burgundy  Bourgogne Glass,5,Dry Wine,Light,5.0,9,1362.0,Europe,USA
392,Smith & Hook Cabernet Sauvignon Central Coast,United States,Smith and Hook,"Cabernet Sauvignon, Red Wine","Berry, Cherry, Chocolate, Spicy, Vanilla",14.8,"Beef, Cheese - Nutty  Semi-Firm, Cured Meats, Duck  Game Bird, Lamb, Mushrooms",Bordeaux Glass,6,Dry Wine,Full,5.0,20,1999.0,Europe,USA
393,Bonanza Cabernet Sauvignon by Chuck Wagner,United States,Bonanza,"Cabernet Sauvignon, Red Wine","Berry, Toasty, Vanilla",14.6,"Beef, Duck  Game Bird",Bordeaux Glass,6,Dry Wine,Full,5.0,13,2199.0,Europe,USA
394,Pendulum Cabernet Sauvignon,United States,Pendulum,"Cabernet Sauvignon, Red Wine","Berry, Dark Fruit, Earthy, Leather, Spicy, Tobacco",14.3,"Beef, Duck  Game Bird",Bordeaux Glass,6,Dry Wine,Full,5.0,3,1699.0,Europe,USA
395,Chop Shop Cabernet Sauvignon,United States,Chop Shop,"Cabernet Sauvignon, Red Wine","Balanced, Berry, Blueberry, Bright, Chocolate, Cinnamon, Coffee, Currant, Dark Fruit, Eucalyptus, Fresh, Fruity, Jammy, Oak, Pepper, Silky, Smoky, Tobacco",13.8,"Beef, Chicken, Cured Meats, Dessert - Chocolate  Coffee, Duck  Game Bird, Lamb, Pork, Root Vegetables",Bordeaux Glass,6,Dry Wine,Full,5.0,2,1599.0,Europe,USA
396,"Stave and Steel Cabernet Sauvignon Red Wine – 750ml, California",United States,Stave  Steel,"Cabernet Sauvignon, Red Wine","Berry, Caramel, Cherry, Dark Fruit, Spicy, Vanilla",13.5,"Beef, Duck  Game Bird, Lamb",Bordeaux Glass,6,Dry Wine,Full,5.0,4,1889.0,Europe,USA
397,One Stone Cabernet Sauvignon,United States,One Stone Cellars,"Cabernet Sauvignon, Red Wine","Dark Fruit, Mint, Tobacco",14.1,"Beef, Cheese - Blue, Mushrooms",Bordeaux Glass,7,Dry Wine,Full,5.0,2,1799.0,Europe,USA
398,Harken Chardonnay,United States,Harken,"Chardonnay, White Wine","Butter, Oak, Pear, Toasty",14.4,"Fish - Meaty  Oily, Shellfish, Cheese - Fresh  Soft",Chardonnay Glass,4,Dry Wine,Full,4.1,18,1347.0,Europe,USA
399,Dr Loosen “L” Riesling,Germany,Dr. L Rieslings,"Riesling, White Wine","Peach, Citrus, Minerality, Crisp",8.5,"Fish - White, Salads  Greens",Standard White Glass,3,Semi-Sweet  Off-Dry,Light,5.0,35,1299.0,Africa,DEU
400,Monkey Bay Sauvignon Blanc,New Zealand,Monkey Bay,"Sauvignon Blanc, White Wine","Grapefruit, Citrus, Tropical Fruit",14.0,"Shellfish, Chicken",Standard White Glass,3,Dry Wine,Light,5.0,30,999.0,Americas,NZL
401,Mohua Sauvignon Blanc,New Zealand,Mohua,"Sauvignon Blanc, White Wine","Tropical Fruit, Bright, Grassy, Citrus",12.5,"Salads  Greens, Cheese - Fresh  Soft",Standard White Glass,3,Dry Wine,Light,5.0,9,1473.0,Americas,NZL
402,Frenzy Sauvignon Blanc,New Zealand,Frenzy,"Sauvignon Blanc, White Wine","Acidic, Guava, Herbal, Minerality, Stone Fruit, Tropical",12.5,Fish - White,Standard White Glass,3,Dry Wine,Light,5.0,3,1364.0,Americas,NZL
403,Ottos Dream Sauvignon Blanc,New Zealand,Ottos Dream,"Sauvignon Blanc, White Wine","Tropical Fruit, Citrus, Green Apple, Minerality",13.0,"Shellfish, Cheese - Fresh  Soft",Standard White Glass,3,Dry Wine,Light,3.3,3,1399.0,Americas,NZL
404,Sea Pearl Sauvignon Blanc,New Zealand,Sea Pearl,"Sauvignon Blanc, White Wine","Acidic, Balanced, Bright, Crisp, Grapefruit, Passionfruit, Tropical Fruit",13.0,"Cheese - Fresh  Soft, Chicken, Fish - Meaty  Oily, Fish - White, Salads  Greens, Shellfish",Standard White Glass,3,Dry Wine,Light,5.0,6,1299.0,Americas,NZL
